Date,Gold_Close,DXY,Oil,SP500,Bond_Yield,Gold_Volume
2020-01-02,1524.5,96.8499984741211,61.18000030517578,3257.85009765625,1.8819999694824219,214.0
2020-01-03,1549.199951171875,96.83999633789062,63.04999923706055,3234.85009765625,1.7879999876022339,107.0
2020-01-06,1566.199951171875,96.66999816894531,63.27000045776367,3246.280029296875,1.8109999895095825,416.0
2020-01-07,1571.800048828125,96.9800033569336,62.70000076293945,3237.179931640625,1.8270000219345093,47.0
2020-01-08,1557.4000244140625,97.30000305175781,59.61000061035156,3253.050048828125,1.8739999532699585,236.0
2020-01-09,1551.699951171875,97.44999694824219,59.560001373291016,3274.699951171875,1.8580000400543213,54.0
2020-01-10,1557.5,97.36000061035156,59.040000915527344,3265.35009765625,1.8250000476837158,16.0
2020-01-13,1548.4000244140625,97.3499984741211,58.08000183105469,3288.1298828125,1.8480000495910645,48.0
2020-01-14,1542.4000244140625,97.37000274658203,58.22999954223633,3283.14990234375,1.8179999589920044,32.0
2020-01-15,1552.0999755859375,97.2300033569336,57.810001373291016,3289.2900390625,1.7879999876022339,11.0
2020-01-16,1549.0,97.31999969482422,58.52000045776367,3316.81005859375,1.809000015258789,98.0
2020-01-17,1558.800048828125,97.61000061035156,58.540000915527344,3329.6201171875,1.8359999656677246,108.0
2020-01-21,1556.4000244140625,97.52999877929688,58.34000015258789,3320.7900390625,1.7690000534057617,45.0
2020-01-22,1555.300048828125,97.52999877929688,56.7400016784668,3321.75,1.7690000534057617,42.0
2020-01-23,1564.5999755859375,97.69000244140625,55.59000015258789,3325.5400390625,1.7400000095367432,15.0
2020-01-24,1571.0999755859375,97.8499984741211,54.189998626708984,3295.469970703125,1.680999994277954,43.0
2020-01-27,1576.800048828125,97.95999908447266,53.13999938964844,3243.6298828125,1.6050000190734863,22.0
2020-01-28,1569.199951171875,98.0199966430664,53.47999954223633,3276.239990234375,1.6410000324249268,3.0
2020-01-29,1569.800048828125,97.98999786376953,53.33000183105469,3273.39990234375,1.593999981880188,251274.0
2020-01-30,1583.5,97.87000274658203,52.13999938964844,3283.659912109375,1.5579999685287476,62336.0
2020-01-31,1582.9000244140625,97.38999938964844,51.560001373291016,3225.52001953125,1.5199999809265137,1095.0
2020-02-03,1577.199951171875,97.80000305175781,50.11000061035156,3248.919921875,1.5199999809265137,1062.0
2020-02-04,1550.4000244140625,97.95999908447266,49.61000061035156,3297.590087890625,1.6030000448226929,978.0
2020-02-05,1557.800048828125,98.2699966430664,50.75,3334.68994140625,1.6490000486373901,1305.0
2020-02-06,1565.0999755859375,98.5,50.95000076293945,3345.780029296875,1.6440000534057617,110.0
2020-02-07,1568.5999755859375,98.68000030517578,50.31999969482422,3327.7099609375,1.5779999494552612,431.0
2020-02-10,1574.699951171875,98.83000183105469,49.56999969482422,3352.090087890625,1.5470000505447388,128.0
2020-02-11,1565.5999755859375,98.72000122070312,49.939998626708984,3357.75,1.590000033378601,440.0
2020-02-12,1567.4000244140625,99.05000305175781,51.16999816894531,3379.449951171875,1.6299999952316284,36.0
2020-02-13,1575.0999755859375,99.06999969482422,51.41999816894531,3373.93994140625,1.6169999837875366,74.0
2020-02-14,1582.699951171875,99.12000274658203,52.04999923706055,3380.159912109375,1.5880000591278076,68.0
2020-02-18,1600.0,99.45999908447266,52.04999923706055,3370.2900390625,1.555999994277954,310.0
2020-02-19,1607.5,99.5999984741211,53.290000915527344,3386.14990234375,1.5700000524520874,542.0
2020-02-20,1616.5999755859375,99.87000274658203,53.779998779296875,3373.22998046875,1.524999976158142,117.0
2020-02-21,1644.5999755859375,99.26000213623047,53.380001068115234,3337.75,1.4709999561309814,186.0
2020-02-24,1672.4000244140625,99.29000091552734,51.43000030517578,3225.889892578125,1.3769999742507935,435.0
2020-02-25,1646.9000244140625,98.97000122070312,49.900001525878906,3128.2099609375,1.3300000429153442,409.0
2020-02-26,1640.0,99.0,48.72999954223633,3116.389892578125,1.309999942779541,1990.0
2020-02-27,1640.0,98.44000244140625,47.09000015258789,2978.760009765625,1.2990000247955322,707.0
2020-02-28,1564.0999755859375,98.12999725341797,44.7599983215332,2954.219970703125,1.1269999742507935,289.0
2020-03-02,1592.300048828125,97.36000061035156,46.75,3090.22998046875,1.0880000591278076,537.0
2020-03-03,1642.0999755859375,97.1500015258789,47.18000030517578,3003.3701171875,1.0099999904632568,610.0
2020-03-04,1641.0999755859375,97.33999633789062,46.779998779296875,3130.1201171875,0.9919999837875366,83.0
2020-03-05,1666.4000244140625,96.81999969482422,45.900001525878906,3023.93994140625,0.9259999990463257,154.0
2020-03-06,1670.800048828125,95.94999694824219,41.279998779296875,2972.3701171875,0.7059999704360962,175.0
2020-03-09,1674.5,94.9000015258789,31.1299991607666,2746.56005859375,0.49900001287460327,161.0
2020-03-10,1659.0999755859375,96.41000366210938,34.36000061035156,2882.22998046875,0.7480000257492065,48.0
2020-03-11,1641.4000244140625,96.51000213623047,32.97999954223633,2741.3798828125,0.8199999928474426,47.0
2020-03-12,1589.300048828125,97.47000122070312,31.5,2480.639892578125,0.8489999771118164,256.0
2020-03-13,1515.699951171875,98.75,31.729999542236328,2711.02001953125,0.9509999752044678,89.0
2020-03-16,1485.9000244140625,98.08999633789062,28.700000762939453,2386.1298828125,0.7279999852180481,193.0
2020-03-17,1524.9000244140625,99.58000183105469,26.950000762939453,2529.18994140625,0.996999979019165,122.0
2020-03-18,1477.300048828125,101.16000366210938,20.3700008392334,2398.10009765625,1.2660000324249268,333.0
2020-03-19,1478.5999755859375,102.76000213623047,25.219999313354492,2409.389892578125,1.11899995803833,262.0
2020-03-20,1484.0,102.81999969482422,22.43000030517578,2304.919921875,0.9380000233650208,14.0
2020-03-23,1567.0,102.48999786376953,23.360000610351562,2237.39990234375,0.7639999985694885,51.0
2020-03-24,1660.199951171875,101.73999786376953,24.010000228881836,2447.330078125,0.8159999847412109,442.0
2020-03-25,1632.300048828125,101.05000305175781,24.489999771118164,2475.56005859375,0.8579999804496765,476.0
2020-03-26,1650.0999755859375,99.41999816894531,22.600000381469727,2630.070068359375,0.8109999895095825,3.0
2020-03-27,1623.9000244140625,98.37000274658203,21.510000228881836,2541.469970703125,0.7490000128746033,100638.0
2020-03-30,1622.0,99.18000030517578,20.09000015258789,2626.64990234375,0.6700000166893005,16389.0
2020-03-31,1583.4000244140625,99.05000305175781,20.479999542236328,2584.590087890625,0.6980000138282776,2874.0
2020-04-01,1578.199951171875,99.66999816894531,20.309999465942383,2470.5,0.6349999904632568,2158.0
2020-04-02,1625.699951171875,100.18000030517578,25.31999969482422,2526.89990234375,0.6269999742507935,1294.0
2020-04-03,1633.699951171875,100.58000183105469,28.34000015258789,2488.64990234375,0.5870000123977661,643.0
2020-04-06,1677.0,100.69000244140625,26.079999923706055,2663.679931640625,0.6759999990463257,1063.0
2020-04-07,1664.800048828125,99.9800033569336,23.6299991607666,2659.409912109375,0.7360000014305115,1144.0
2020-04-08,1665.4000244140625,100.12000274658203,25.09000015258789,2749.97998046875,0.7639999985694885,747.0
2020-04-09,1736.199951171875,99.5199966430664,22.760000228881836,2789.820068359375,0.7289999723434448,825.0
2020-04-13,1744.800048828125,99.3499984741211,22.40999984741211,2761.6298828125,0.7490000128746033,696.0
2020-04-14,1756.699951171875,98.88999938964844,20.110000610351562,2846.06005859375,0.7519999742507935,675.0
2020-04-15,1727.199951171875,99.45999908447266,19.8700008392334,2783.360107421875,0.6380000114440918,642.0
2020-04-16,1720.4000244140625,100.02999877929688,19.8700008392334,2799.550048828125,0.609000027179718,162.0
2020-04-17,1689.199951171875,99.77999877929688,18.270000457763672,2874.56005859375,0.6539999842643738,223.0
2020-04-20,1701.5999755859375,99.95999908447266,-37.630001068115234,2823.159912109375,0.6259999871253967,106.0
2020-04-21,1678.199951171875,100.26000213623047,10.010000228881836,2736.56005859375,0.5709999799728394,666.0
2020-04-22,1728.699951171875,100.38999938964844,13.779999732971191,2799.31005859375,0.6190000176429749,453.0
2020-04-23,1733.300048828125,100.43000030517578,16.5,2797.800048828125,0.6129999756813049,482.0
2020-04-24,1723.5,100.37999725341797,16.940000534057617,2836.739990234375,0.5960000157356262,221.0
2020-04-27,1711.9000244140625,100.04000091552734,12.779999732971191,2878.47998046875,0.656000018119812,169.0
2020-04-28,1710.5,99.87000274658203,12.34000015258789,2863.389892578125,0.6100000143051147,1255.0
2020-04-29,1703.4000244140625,99.56999969482422,15.0600004196167,2939.510009765625,0.6269999742507935,373.0
2020-04-30,1684.199951171875,99.0199966430664,18.84000015258789,2912.429931640625,0.621999979019165,327.0
2020-05-01,1694.5,98.80000305175781,19.780000686645508,2830.7099609375,0.6420000195503235,337.0
2020-05-04,1706.9000244140625,99.4800033569336,20.389999389648438,2842.739990234375,0.6370000243186951,320.0
2020-05-05,1704.4000244140625,99.70999908447266,24.559999465942383,2868.43994140625,0.6570000052452087,82.0
2020-05-06,1684.199951171875,100.08999633789062,23.989999771118164,2848.419921875,0.7110000252723694,469.0
2020-05-07,1721.800048828125,99.88999938964844,23.549999237060547,2881.18994140625,0.6309999823570251,853.0
2020-05-08,1709.9000244140625,99.7300033569336,24.739999771118164,2929.800048828125,0.6819999814033508,330.0
2020-05-11,1695.300048828125,100.23999786376953,24.139999389648438,2930.18994140625,0.7260000109672546,749.0
2020-05-12,1704.4000244140625,99.93000030517578,25.780000686645508,2870.1201171875,0.6779999732971191,324.0
2020-05-13,1713.9000244140625,100.23999786376953,25.290000915527344,2820.0,0.6489999890327454,431.0
2020-05-14,1738.0999755859375,100.47000122070312,27.559999465942383,2852.5,0.6190000176429749,672.0
2020-05-15,1753.4000244140625,100.4000015258789,29.43000030517578,2863.699951171875,0.6399999856948853,719.0
2020-05-18,1731.800048828125,99.66999816894531,31.81999969482422,2953.909912109375,0.7440000176429749,229.0
2020-05-19,1744.199951171875,99.37000274658203,32.5,2922.93994140625,0.7110000252723694,167.0
2020-05-20,1750.5999755859375,99.12000274658203,33.4900016784668,2971.610107421875,0.6800000071525574,16.0
2020-05-21,1720.5,99.37000274658203,33.91999816894531,2948.510009765625,0.6769999861717224,528.0
2020-05-22,1734.5999755859375,99.86000061035156,33.25,2955.449951171875,0.6570000052452087,6.0
2020-05-26,1704.800048828125,98.91000366210938,34.349998474121094,2991.77001953125,0.6980000138282776,39.0
2020-05-27,1710.300048828125,99.05999755859375,32.810001373291016,3036.1298828125,0.6800000071525574,137416.0
2020-05-28,1713.300048828125,98.37999725341797,33.709999084472656,3029.72998046875,0.7049999833106995,23355.0
2020-05-29,1736.9000244140625,98.33999633789062,35.4900016784668,3044.31005859375,0.6480000019073486,1526.0
2020-06-01,1737.800048828125,97.83000183105469,35.439998626708984,3055.72998046875,0.6620000004768372,871.0
2020-06-02,1725.199951171875,97.66999816894531,36.810001373291016,3080.820068359375,0.6800000071525574,741.0
2020-06-03,1697.800048828125,97.27999877929688,37.290000915527344,3122.8701171875,0.7609999775886536,2755.0
2020-06-04,1718.9000244140625,96.68000030517578,37.40999984741211,3112.35009765625,0.8199999928474426,807.0
2020-06-05,1676.199951171875,96.94000244140625,39.54999923706055,3193.929931640625,0.9039999842643738,1502.0
2020-06-08,1698.300048828125,96.62000274658203,38.189998626708984,3232.389892578125,0.8840000033378601,587.0
2020-06-09,1714.699951171875,96.31999969482422,38.939998626708984,3207.179931640625,0.8289999961853027,690.0
2020-06-10,1713.300048828125,95.95999908447266,39.599998474121094,3190.139892578125,0.7480000257492065,718.0
2020-06-11,1732.0,96.7300033569336,36.34000015258789,3002.10009765625,0.652999997138977,347.0
2020-06-12,1729.300048828125,97.31999969482422,36.2599983215332,3041.31005859375,0.6990000009536743,318.0
2020-06-15,1720.300048828125,96.68000030517578,37.119998931884766,3066.590087890625,0.7020000219345093,188.0
2020-06-16,1729.5999755859375,96.95999908447266,38.380001068115234,3124.739990234375,0.7559999823570251,22.0
2020-06-17,1729.199951171875,97.16000366210938,37.959999084472656,3113.489990234375,0.7329999804496765,51.0
2020-06-18,1724.800048828125,97.41999816894531,38.84000015258789,3115.340087890625,0.6940000057220459,110.0
2020-06-19,1745.9000244140625,97.62000274658203,39.75,3097.739990234375,0.6970000267028809,1329.0
2020-06-22,1756.699951171875,97.04000091552734,40.459999084472656,3117.860107421875,0.7039999961853027,1356.0
2020-06-23,1772.0999755859375,96.69000244140625,40.369998931884766,3131.2900390625,0.7089999914169312,666.0
2020-06-24,1765.800048828125,97.1500015258789,38.0099983215332,3050.330078125,0.6840000152587891,961.0
2020-06-25,1762.0999755859375,97.43000030517578,38.720001220703125,3083.760009765625,0.6740000247955322,207.0
2020-06-26,1772.5,97.5,38.4900016784668,3009.050048828125,0.6359999775886536,640.0
2020-06-29,1774.800048828125,97.54000091552734,39.70000076293945,3053.239990234375,0.6359999775886536,584.0
2020-06-30,1793.0,97.38999938964844,39.27000045776367,3100.2900390625,0.652999997138977,986.0
2020-07-01,1773.199951171875,97.19999694824219,39.81999969482422,3115.860107421875,0.6819999814033508,331.0
2020-07-02,1784.0,97.31999969482422,40.650001525878906,3130.010009765625,0.6690000295639038,215.0
2020-07-06,1788.5,96.79000091552734,40.630001068115234,3179.719970703125,0.6840000152587891,172.0
2020-07-07,1804.199951171875,96.87999725341797,40.619998931884766,3145.320068359375,0.6499999761581421,751.0
2020-07-08,1815.5,96.43000030517578,40.900001525878906,3169.93994140625,0.652999997138977,209.0
2020-07-09,1799.199951171875,96.69999694824219,39.619998931884766,3152.050048828125,0.6050000190734863,396.0
2020-07-10,1798.199951171875,96.6500015258789,40.54999923706055,3185.0400390625,0.6330000162124634,236.0
2020-07-13,1811.0,96.45999908447266,40.099998474121094,3155.219970703125,0.6399999856948853,164.0
2020-07-14,1810.5999755859375,96.26000213623047,40.290000915527344,3197.52001953125,0.6150000095367432,339.0
2020-07-15,1811.4000244140625,96.08000183105469,41.20000076293945,3226.56005859375,0.6299999952316284,167.0
2020-07-16,1798.699951171875,96.3499984741211,40.75,3215.570068359375,0.6119999885559082,146.0
2020-07-17,1808.300048828125,95.94000244140625,40.59000015258789,3224.72998046875,0.628000020980835,24.0
2020-07-20,1815.9000244140625,95.83000183105469,40.810001373291016,3251.840087890625,0.6200000047683716,89.0
2020-07-21,1842.4000244140625,95.12000274658203,41.959999084472656,3257.300048828125,0.6069999933242798,117.0
2020-07-22,1864.0999755859375,94.97000122070312,41.900001525878906,3276.02001953125,0.5950000286102295,213.0
2020-07-23,1889.0999755859375,94.69000244140625,41.06999969482422,3235.659912109375,0.5820000171661377,133.0
2020-07-24,1897.300048828125,94.44000244140625,41.290000915527344,3215.6298828125,0.5889999866485596,474.0
2020-07-27,1931.0,93.66999816894531,41.599998474121094,3239.409912109375,0.609000027179718,364.0
2020-07-28,1944.699951171875,93.76000213623047,41.040000915527344,3218.43994140625,0.5809999704360962,825.0
2020-07-29,1953.5,93.26000213623047,41.27000045776367,3258.43994140625,0.5789999961853027,209835.0
2020-07-30,1942.300048828125,93.0199966430664,39.91999816894531,3246.219970703125,0.5410000085830688,28853.0
2020-07-31,1962.800048828125,93.48999786376953,40.27000045776367,3271.1201171875,0.5360000133514404,2914.0
2020-08-03,1966.0,93.5,41.0099983215332,3294.610107421875,0.5630000233650208,683.0
2020-08-04,2001.199951171875,93.37999725341797,41.70000076293945,3306.510009765625,0.5149999856948853,2010.0
2020-08-05,2031.0999755859375,92.83000183105469,42.189998626708984,3327.77001953125,0.5429999828338623,1422.0
2020-08-06,2051.5,92.79000091552734,41.95000076293945,3349.159912109375,0.5360000133514404,294.0
2020-08-07,2010.0999755859375,93.44000244140625,41.220001220703125,3351.280029296875,0.5619999766349792,808.0
2020-08-10,2024.4000244140625,93.58000183105469,41.939998626708984,3360.469970703125,0.5740000009536743,233.0
2020-08-11,1932.5999755859375,93.62999725341797,41.61000061035156,3333.68994140625,0.6579999923706055,971.0
2020-08-12,1934.9000244140625,93.44000244140625,42.66999816894531,3380.35009765625,0.6700000166893005,404.0
2020-08-13,1956.699951171875,93.33999633789062,42.2400016784668,3373.429931640625,0.7160000205039978,71.0
2020-08-14,1937.0,93.0999984741211,42.0099983215332,3372.85009765625,0.7089999914169312,201.0
2020-08-17,1985.0,92.8499984741211,42.88999938964844,3381.989990234375,0.6830000281333923,97.0
2020-08-18,1999.4000244140625,92.2699966430664,42.88999938964844,3389.780029296875,0.6690000295639038,92.0
2020-08-19,1958.699951171875,92.88999938964844,42.93000030517578,3374.85009765625,0.675000011920929,347.0
2020-08-20,1933.800048828125,92.79000091552734,42.58000183105469,3385.510009765625,0.6439999938011169,106.0
2020-08-21,1934.5999755859375,93.25,42.34000015258789,3397.159912109375,0.6399999856948853,184.0
2020-08-24,1927.699951171875,93.30000305175781,42.619998931884766,3431.280029296875,0.6460000276565552,85.0
2020-08-25,1911.800048828125,93.0199966430664,43.349998474121094,3443.6201171875,0.6819999814033508,176.0
2020-08-26,1940.699951171875,93.01000213623047,43.38999938964844,3478.72998046875,0.6869999766349792,287.0
2020-08-27,1921.5999755859375,93.01000213623047,43.040000915527344,3484.550048828125,0.7459999918937683,2303.0
2020-08-28,1964.5999755859375,92.37000274658203,42.970001220703125,3508.010009765625,0.7289999723434448,778.0
2020-08-31,1967.5999755859375,92.13999938964844,42.61000061035156,3500.31005859375,0.6930000185966492,158.0
2020-09-01,1968.199951171875,92.33999633789062,42.7599983215332,3526.64990234375,0.671999990940094,186.0
2020-09-02,1934.4000244140625,92.8499984741211,41.5099983215332,3580.840087890625,0.6510000228881836,71.0
2020-09-03,1927.5999755859375,92.73999786376953,41.369998931884766,3455.06005859375,0.621999979019165,179.0
2020-09-04,1923.9000244140625,92.72000122070312,39.77000045776367,3426.9599609375,0.7210000157356262,607.0
2020-09-08,1933.0,93.4800033569336,36.7599983215332,3331.840087890625,0.6840000152587891,271.0
2020-09-09,1944.699951171875,93.26000213623047,38.04999923706055,3398.9599609375,0.703000009059906,219.0
2020-09-10,1954.199951171875,93.33999633789062,37.29999923706055,3339.18994140625,0.6850000023841858,722.0
2020-09-11,1937.800048828125,93.33000183105469,37.33000183105469,3340.969970703125,0.6690000295639038,73.0
2020-09-14,1953.0999755859375,93.06999969482422,37.2599983215332,3383.5400390625,0.6710000038146973,55.0
2020-09-15,1956.300048828125,93.05000305175781,38.279998779296875,3401.199951171875,0.6790000200271606,74.0
2020-09-16,1960.199951171875,93.20999908447266,40.15999984741211,3385.489990234375,0.6869999766349792,124.0
2020-09-17,1940.0,92.97000122070312,40.970001220703125,3357.010009765625,0.6840000152587891,67.0
2020-09-18,1952.0999755859375,92.93000030517578,41.11000061035156,3319.469970703125,0.6940000057220459,38.0
2020-09-21,1901.199951171875,93.54000091552734,39.310001373291016,3281.06005859375,0.6710000038146973,52.0
2020-09-22,1898.5999755859375,93.98999786376953,39.599998474121094,3315.570068359375,0.6639999747276306,331.0
2020-09-23,1859.9000244140625,94.38999938964844,39.93000030517578,3236.919921875,0.6759999990463257,5.0
2020-09-24,1868.300048828125,94.3499984741211,40.310001373291016,3246.590087890625,0.6660000085830688,365.0
2020-09-25,1857.699951171875,94.58000183105469,40.25,3298.4599609375,0.6589999794960022,4.0
2020-09-28,1872.800048828125,94.26000213623047,40.599998474121094,3351.60009765625,0.6629999876022339,10455.0
2020-09-29,1894.300048828125,93.88999938964844,39.290000915527344,3335.469970703125,0.6449999809265137,3283.0
2020-09-30,1887.5,93.88999938964844,40.220001220703125,3363.0,0.6769999861717224,600.0
2020-10-01,1908.4000244140625,93.70999908447266,38.720001220703125,3380.800048828125,0.6769999861717224,730.0
2020-10-02,1900.199951171875,93.83999633789062,37.04999923706055,3348.419921875,0.6959999799728394,530.0
2020-10-05,1912.5,93.51000213623047,39.220001220703125,3408.60009765625,0.7620000243186951,1360.0
2020-10-06,1901.0999755859375,93.83000183105469,40.66999816894531,3360.969970703125,0.7419999837875366,968.0
2020-10-07,1883.5999755859375,93.62999725341797,39.95000076293945,3419.43994140625,0.7850000262260437,50.0
2020-10-08,1888.5999755859375,93.61000061035156,41.189998626708984,3446.830078125,0.7649999856948853,348.0
2020-10-09,1919.5,93.05999755859375,40.599998474121094,3477.139892578125,0.7749999761581421,580.0
2020-10-12,1922.5,93.06999969482422,39.43000030517578,3534.219970703125,0.7770000100135803,96.0
2020-10-13,1888.5,93.52999877929688,40.20000076293945,3511.929931640625,0.7269999980926514,191.0
2020-10-14,1901.300048828125,93.37999725341797,41.040000915527344,3488.669921875,0.722000002861023,33.0
2020-10-15,1903.199951171875,93.86000061035156,40.959999084472656,3483.340087890625,0.7310000061988831,254.0
2020-10-16,1900.800048828125,93.68000030517578,40.880001068115234,3483.81005859375,0.7440000176429749,53.0
2020-10-19,1906.4000244140625,93.43000030517578,40.83000183105469,3426.919921875,0.7609999775886536,43.0
2020-10-20,1910.4000244140625,93.06999969482422,41.459999084472656,3443.1201171875,0.796999990940094,329.0
2020-10-21,1924.5999755859375,92.61000061035156,40.029998779296875,3435.56005859375,0.8159999847412109,1202.0
2020-10-22,1901.0999755859375,92.94999694824219,40.63999938964844,3453.489990234375,0.8479999899864197,899.0
2020-10-23,1902.0,92.7699966430664,39.849998474121094,3465.389892578125,0.8410000205039978,287.0
2020-10-26,1902.699951171875,93.05000305175781,38.560001373291016,3400.969970703125,0.8009999990463257,242.0
2020-10-27,1908.800048828125,92.94000244140625,39.56999969482422,3390.679931640625,0.777999997138977,176.0
2020-10-28,1876.199951171875,93.41000366210938,37.38999938964844,3271.030029296875,0.781000018119812,277.0
2020-10-29,1865.5999755859375,93.95999908447266,36.16999816894531,3310.110107421875,0.8349999785423279,240.0
2020-10-30,1877.4000244140625,94.04000091552734,35.790000915527344,3269.9599609375,0.8600000143051147,725.0
2020-11-02,1890.4000244140625,94.05000305175781,36.810001373291016,3310.239990234375,0.8489999771118164,190.0
2020-11-03,1908.5,93.55000305175781,37.65999984741211,3369.159912109375,0.8820000290870667,712.0
2020-11-04,1894.5999755859375,93.41000366210938,39.150001525878906,3443.43994140625,0.7680000066757202,782.0
2020-11-05,1945.300048828125,92.52999877929688,38.790000915527344,3510.449951171875,0.7760000228881836,135.0
2020-11-06,1950.300048828125,92.2300033569336,37.13999938964844,3509.43994140625,0.8199999928474426,304.0
2020-11-09,1853.199951171875,92.7300033569336,40.290000915527344,3550.5,0.9580000042915344,745.0
2020-11-10,1875.4000244140625,92.75,41.36000061035156,3545.530029296875,0.972000002861023,276.0
2020-11-11,1860.699951171875,93.04000091552734,41.45000076293945,3572.659912109375,0.9580000042915344,222.0
2020-11-12,1872.5999755859375,92.95999908447266,41.119998931884766,3537.010009765625,0.8849999904632568,220.0
2020-11-13,1885.699951171875,92.76000213623047,40.130001068115234,3585.14990234375,0.8930000066757202,240.0
2020-11-16,1887.300048828125,92.56999969482422,41.34000015258789,3626.909912109375,0.906000018119812,6.0
2020-11-17,1884.5,92.41999816894531,41.43000030517578,3609.530029296875,0.871999979019165,59.0
2020-11-18,1873.5,92.31999969482422,41.81999969482422,3567.7900390625,0.8820000290870667,152.0
2020-11-19,1861.0999755859375,92.29000091552734,41.7400016784668,3581.8701171875,0.8539999723434448,59.0
2020-11-20,1872.5999755859375,92.38999938964844,42.150001525878906,3557.5400390625,0.8289999961853027,1900.0
2020-11-23,1837.800048828125,92.51000213623047,43.060001373291016,3577.590087890625,0.8569999933242798,843.0
2020-11-24,1804.800048828125,92.2300033569336,44.90999984741211,3635.409912109375,0.8820000290870667,1041.0
2020-11-25,1805.699951171875,91.98999786376953,45.709999084472656,3629.64990234375,0.878000020980835,205754.0
2020-11-27,1781.9000244140625,91.79000091552734,45.529998779296875,3638.35009765625,0.8420000076293945,71804.0
2020-11-30,1775.699951171875,91.87000274658203,45.34000015258789,3621.6298828125,0.843999981880188,3145.0
2020-12-01,1814.0999755859375,91.30999755859375,44.54999923706055,3662.449951171875,0.9340000152587891,1859.0
2020-12-02,1825.699951171875,91.12000274658203,45.279998779296875,3669.010009765625,0.9480000138282776,771.0
2020-12-03,1836.800048828125,90.70999908447266,45.63999938964844,3666.719970703125,0.9200000166893005,1765.0
2020-12-04,1835.9000244140625,90.69999694824219,46.2599983215332,3699.1201171875,0.968999981880188,1213.0
2020-12-07,1861.800048828125,90.79000091552734,45.7599983215332,3691.9599609375,0.9279999732971191,1427.0
2020-12-08,1870.800048828125,90.97000122070312,45.599998474121094,3702.25,0.9129999876022339,121.0
2020-12-09,1834.5999755859375,91.08999633789062,45.52000045776367,3672.820068359375,0.9409999847412109,215.0
2020-12-10,1833.5999755859375,90.79000091552734,46.779998779296875,3668.10009765625,0.9079999923706055,177.0
2020-12-11,1839.800048828125,90.9800033569336,46.56999969482422,3663.4599609375,0.8930000066757202,109.0
2020-12-14,1828.699951171875,90.70999908447266,46.9900016784668,3647.489990234375,0.8920000195503235,258.0
2020-12-15,1852.300048828125,90.47000122070312,47.619998931884766,3694.6201171875,0.9229999780654907,961.0
2020-12-16,1856.0999755859375,90.44999694824219,47.81999969482422,3701.169921875,0.9200000166893005,1090.0
2020-12-17,1887.199951171875,89.81999969482422,48.36000061035156,3722.47998046875,0.9300000071525574,414.0
2020-12-18,1885.699951171875,90.0199966430664,49.099998474121094,3709.409912109375,0.9480000138282776,276.0
2020-12-21,1879.199951171875,90.04000091552734,47.7400016784668,3694.919921875,0.9409999847412109,136.0
2020-12-22,1866.5999755859375,90.6500015258789,47.02000045776367,3687.260009765625,0.9179999828338623,233.0
2020-12-23,1874.699951171875,90.41000366210938,48.119998931884766,3690.010009765625,0.9549999833106995,82.0
2020-12-24,1879.9000244140625,90.33000183105469,48.22999954223633,3703.06005859375,0.9279999732971191,46.0
2020-12-28,1877.199951171875,90.33999633789062,47.619998931884766,3735.360107421875,0.9330000281333923,75.0
2020-12-29,1879.699951171875,90.01000213623047,48.0,3727.0400390625,0.9350000023841858,343.0
2020-12-30,1891.0,89.62999725341797,48.400001525878906,3732.0400390625,0.9259999990463257,444.0
2020-12-31,1893.0999755859375,89.94000244140625,48.52000045776367,3756.070068359375,0.9169999957084656,127.0
2021-01-04,1944.699951171875,89.87999725341797,47.619998931884766,3700.64990234375,0.9169999957084656,154.0
2021-01-05,1952.699951171875,89.44000244140625,49.93000030517578,3726.860107421875,0.9549999833106995,113.0
2021-01-06,1906.9000244140625,89.52999877929688,50.630001068115234,3748.139892578125,1.0420000553131104,331.0
2021-01-07,1912.300048828125,89.83000183105469,50.83000183105469,3803.7900390625,1.0709999799728394,122.0
2021-01-08,1834.0999755859375,90.0999984741211,52.2400016784668,3824.679931640625,1.1050000190734863,60.0
2021-01-11,1849.5999755859375,90.54000091552734,52.25,3799.610107421875,1.1319999694824219,20.0
2021-01-12,1842.9000244140625,90.05000305175781,53.209999084472656,3801.18994140625,1.1380000114440918,176.0
2021-01-13,1853.5999755859375,90.31999969482422,52.90999984741211,3809.840087890625,1.0880000591278076,189.0
2021-01-14,1850.300048828125,90.23999786376953,53.56999969482422,3795.5400390625,1.128999948501587,149.0
2021-01-15,1829.300048828125,90.77999877929688,52.36000061035156,3768.25,1.097000002861023,31.0
2021-01-19,1839.5,90.5,52.97999954223633,3798.909912109375,1.0920000076293945,13.0
2021-01-20,1865.9000244140625,90.47000122070312,53.2400016784668,3851.85009765625,1.090000033378601,16.0
2021-01-21,1865.300048828125,90.12999725341797,53.130001068115234,3853.070068359375,1.1089999675750732,6.0
2021-01-22,1855.699951171875,90.23999786376953,52.27000045776367,3841.469970703125,1.090999960899353,8.0
2021-01-25,1854.9000244140625,90.38999938964844,52.77000045776367,3855.360107421875,1.0399999618530273,26.0
2021-01-26,1850.699951171875,90.16999816894531,52.61000061035156,3849.6201171875,1.0399999618530273,59.0
2021-01-27,1844.9000244140625,90.6500015258789,52.849998474121094,3750.77001953125,1.0140000581741333,195540.0
2021-01-28,1837.9000244140625,90.45999908447266,52.34000015258789,3787.3798828125,1.0570000410079956,27283.0
2021-01-29,1847.300048828125,90.58000183105469,52.20000076293945,3714.239990234375,1.093000054359436,1634.0
2021-02-01,1860.800048828125,91.0199966430664,53.54999923706055,3773.860107421875,1.0770000219345093,1494.0
2021-02-02,1830.5,91.19999694824219,54.7599983215332,3826.31005859375,1.1050000190734863,1293.0
2021-02-03,1832.199951171875,91.12000274658203,55.689998626708984,3830.169921875,1.13100004196167,1195.0
2021-02-04,1788.9000244140625,91.52999877929688,56.22999954223633,3871.739990234375,1.1390000581741333,2375.0
2021-02-05,1810.9000244140625,91.04000091552734,56.849998474121094,3886.830078125,1.1699999570846558,1278.0
2021-02-08,1831.9000244140625,90.93000030517578,57.970001220703125,3915.590087890625,1.159999966621399,254.0
2021-02-09,1835.300048828125,90.44000244140625,58.36000061035156,3911.22998046875,1.156999945640564,184.0
2021-02-10,1840.5999755859375,90.37000274658203,58.68000030517578,3909.8798828125,1.1330000162124634,543.0
2021-02-11,1824.9000244140625,90.41999816894531,58.2400016784668,3916.3798828125,1.1579999923706055,602.0
2021-02-12,1821.5999755859375,90.4800033569336,59.470001220703125,3934.830078125,1.2000000476837158,259.0
2021-02-16,1797.199951171875,90.51000213623047,60.04999923706055,3932.590087890625,1.2990000247955322,1141.0
2021-02-17,1771.0999755859375,90.94999694824219,61.13999938964844,3931.330078125,1.3009999990463257,614.0
2021-02-18,1773.4000244140625,90.58999633789062,60.52000045776367,3913.969970703125,1.2869999408721924,587.0
2021-02-19,1775.800048828125,90.36000061035156,59.2400016784668,3906.7099609375,1.3450000286102295,118.0
2021-02-22,1806.699951171875,90.01000213623047,61.4900016784668,3876.5,1.3700000047683716,165.0
2021-02-23,1804.4000244140625,90.16999816894531,61.66999816894531,3881.3701171875,1.3619999885559082,569.0
2021-02-24,1796.4000244140625,90.18000030517578,63.220001220703125,3925.429931640625,1.3890000581741333,1500.0
2021-02-25,1774.4000244140625,90.12999725341797,63.529998779296875,3829.340087890625,1.5180000066757202,1049.0
2021-02-26,1728.0999755859375,90.93000030517578,61.5,3811.14990234375,1.4600000381469727,1593.0
2021-03-01,1722.5,91.04000091552734,60.63999938964844,3901.820068359375,1.4459999799728394,407.0
2021-03-02,1733.0999755859375,90.79000091552734,59.75,3870.2900390625,1.4149999618530273,867.0
2021-03-03,1715.300048828125,90.94999694824219,61.279998779296875,3819.719970703125,1.4700000286102295,501.0
2021-03-04,1700.199951171875,91.62999725341797,63.83000183105469,3768.469970703125,1.5499999523162842,521.0
2021-03-05,1698.0,91.9800033569336,66.08999633789062,3841.93994140625,1.5540000200271606,302.0
2021-03-08,1677.699951171875,92.30999755859375,65.05000305175781,3821.35009765625,1.5959999561309814,1290.0
2021-03-09,1716.5999755859375,91.95999908447266,64.01000213623047,3875.43994140625,1.5460000038146973,335.0
2021-03-10,1721.5,91.79000091552734,64.44000244140625,3898.81005859375,1.5199999809265137,412.0
2021-03-11,1722.300048828125,91.41999816894531,66.0199966430664,3939.340087890625,1.5269999504089355,18.0
2021-03-12,1719.5,91.68000030517578,65.61000061035156,3943.340087890625,1.6349999904632568,80.0
2021-03-15,1728.9000244140625,91.83000183105469,65.38999938964844,3968.93994140625,1.6069999933242798,147.0
2021-03-16,1730.5999755859375,91.87000274658203,64.80000305175781,3962.7099609375,1.621000051498413,729.0
2021-03-17,1726.800048828125,91.4000015258789,64.5999984741211,3974.1201171875,1.6410000324249268,488.0
2021-03-18,1732.199951171875,91.8499984741211,60.0,3915.4599609375,1.7300000190734863,138.0
2021-03-19,1741.4000244140625,91.91999816894531,61.41999816894531,3913.10009765625,1.7319999933242798,13.0
2021-03-22,1737.800048828125,91.80000305175781,61.54999923706055,3940.590087890625,1.684000015258789,51.0
2021-03-23,1724.699951171875,92.33999633789062,57.7599983215332,3910.52001953125,1.6380000114440918,6.0
2021-03-24,1732.9000244140625,92.52999877929688,61.18000030517578,3889.139892578125,1.6139999628067017,26.0
2021-03-25,1724.9000244140625,92.87999725341797,58.560001373291016,3909.52001953125,1.6139999628067017,15.0
2021-03-26,1732.199951171875,92.7699966430664,60.970001220703125,3974.5400390625,1.659999966621399,33.0
2021-03-29,1712.0999755859375,92.94000244140625,61.560001373291016,3971.090087890625,1.7209999561309814,135457.0
2021-03-30,1683.9000244140625,93.30000305175781,60.54999923706055,3958.550048828125,1.7259999513626099,25316.0
2021-03-31,1713.800048828125,93.2300033569336,59.15999984741211,3972.889892578125,1.746000051498413,762.0
2021-04-01,1726.5,92.93000030517578,61.45000076293945,4019.8701171875,1.6790000200271606,720.0
2021-04-05,1727.0,92.5999984741211,58.650001525878906,4077.909912109375,1.7200000286102295,275.0
2021-04-06,1741.5,92.33999633789062,59.33000183105469,4073.93994140625,1.656000018119812,890.0
2021-04-07,1740.0999755859375,92.45999908447266,59.77000045776367,4079.949951171875,1.652999997138977,557.0
2021-04-08,1756.800048828125,92.05999755859375,59.599998474121094,4097.169921875,1.6319999694824219,1298.0
2021-04-09,1743.300048828125,92.16000366210938,59.31999969482422,4128.7998046875,1.6660000085830688,484.0
2021-04-12,1731.199951171875,92.13999938964844,59.70000076293945,4127.990234375,1.6749999523162842,40.0
2021-04-13,1746.199951171875,91.8499984741211,60.18000030517578,4141.58984375,1.6230000257492065,367.0
2021-04-14,1734.9000244140625,91.69000244140625,63.150001525878906,4124.66015625,1.6380000114440918,1037.0
2021-04-15,1765.4000244140625,91.66999816894531,63.459999084472656,4170.419921875,1.5299999713897705,368.0
2021-04-16,1779.0,91.55999755859375,63.130001068115234,4185.47021484375,1.5729999542236328,625.0
2021-04-19,1769.4000244140625,91.06999969482422,63.380001068115234,4163.259765625,1.6009999513626099,144.0
2021-04-20,1777.300048828125,91.23999786376953,62.439998626708984,4134.93994140625,1.562000036239624,1464.0
2021-04-21,1792.300048828125,91.16000366210938,61.349998474121094,4173.419921875,1.5640000104904175,250.0
2021-04-22,1781.199951171875,91.33000183105469,61.43000030517578,4134.97998046875,1.5540000200271606,159.0
2021-04-23,1777.0,90.86000061035156,62.13999938964844,4180.169921875,1.5670000314712524,332.0
2021-04-26,1779.199951171875,90.80999755859375,61.90999984741211,4187.6201171875,1.5700000524520874,549.0
2021-04-27,1778.0,90.91000366210938,62.939998626708984,4186.72021484375,1.621999979019165,117.0
2021-04-28,1773.199951171875,90.61000061035156,63.86000061035156,4183.18017578125,1.6200000047683716,756.0
2021-04-29,1768.0999755859375,90.61000061035156,65.01000213623047,4211.47021484375,1.6399999856948853,196.0
2021-04-30,1767.300048828125,91.27999877929688,63.58000183105469,4181.169921875,1.63100004196167,18.0
2021-05-03,1791.4000244140625,90.94999694824219,64.48999786376953,4192.66015625,1.6069999933242798,18.0
2021-05-04,1775.800048828125,91.29000091552734,65.69000244140625,4164.66015625,1.5920000076293945,182.0
2021-05-05,1784.0999755859375,91.30999755859375,65.62999725341797,4167.58984375,1.5839999914169312,57.0
2021-05-06,1815.5,90.94999694824219,64.70999908447266,4201.6201171875,1.5609999895095825,13.0
2021-05-07,1831.0999755859375,90.2300033569336,64.9000015258789,4232.60009765625,1.5770000219345093,2.0
2021-05-10,1837.5,90.20999908447266,64.91999816894531,4188.43017578125,1.6019999980926514,13.0
2021-05-11,1835.9000244140625,90.13999938964844,65.27999877929688,4152.10009765625,1.6239999532699585,420.0
2021-05-12,1822.5999755859375,90.70999908447266,66.08000183105469,4063.0400390625,1.6950000524520874,3.0
2021-05-13,1823.800048828125,90.75,63.81999969482422,4112.5,1.6679999828338623,100.0
2021-05-14,1837.9000244140625,90.31999969482422,65.37000274658203,4173.85009765625,1.6349999904632568,41.0
2021-05-17,1867.5,90.22000122070312,66.2699966430664,4163.2900390625,1.6399999856948853,13.0
2021-05-18,1867.800048828125,89.75,65.48999786376953,4127.830078125,1.6419999599456787,3.0
2021-05-19,1881.300048828125,90.19000244140625,63.36000061035156,4115.68017578125,1.6829999685287476,348.0
2021-05-20,1881.800048828125,89.80999755859375,62.04999923706055,4159.1201171875,1.6339999437332153,85.0
2021-05-21,1876.699951171875,90.0199966430664,63.58000183105469,4155.85986328125,1.6319999694824219,5.0
2021-05-24,1884.5999755859375,89.83000183105469,66.05000305175781,4197.0498046875,1.6080000400543213,39.0
2021-05-25,1898.0999755859375,89.63999938964844,66.06999969482422,4188.1298828125,1.5640000104904175,56.0
2021-05-26,1901.300048828125,90.04000091552734,66.20999908447266,4195.990234375,1.5740000009536743,170526.0
2021-05-27,1895.699951171875,89.97000122070312,66.8499984741211,4200.8798828125,1.6100000143051147,35794.0
2021-05-28,1902.5,90.02999877929688,66.31999969482422,4204.10986328125,1.5809999704360962,2415.0
2021-06-01,1902.9000244140625,89.83000183105469,67.72000122070312,4202.0400390625,1.6150000095367432,640.0
2021-06-02,1907.5,89.9000015258789,68.83000183105469,4208.1201171875,1.590999960899353,1267.0
2021-06-03,1871.199951171875,90.5,68.80999755859375,4192.85009765625,1.625,1021.0
2021-06-04,1889.800048828125,90.13999938964844,69.62000274658203,4229.89013671875,1.559999942779541,367.0
2021-06-07,1896.800048828125,89.94999694824219,69.2300033569336,4226.52001953125,1.569000005722046,87.0
2021-06-08,1892.199951171875,90.08000183105469,70.05000305175781,4227.259765625,1.527999997138977,930.0
2021-06-09,1893.199951171875,90.12000274658203,69.95999908447266,4219.5498046875,1.4889999628067017,148.0
2021-06-10,1894.199951171875,90.08000183105469,70.29000091552734,4239.18017578125,1.4589999914169312,186.0
2021-06-11,1877.4000244140625,90.55999755859375,70.91000366210938,4247.43994140625,1.4620000123977661,349.0
2021-06-14,1864.0,90.5199966430664,70.87999725341797,4255.14990234375,1.5010000467300415,41.0
2021-06-15,1854.5,90.54000091552734,72.12000274658203,4246.58984375,1.4989999532699585,78.0
2021-06-16,1859.5,91.12999725341797,72.1500015258789,4223.7001953125,1.569000005722046,117.0
2021-06-17,1773.800048828125,91.88999938964844,71.04000091552734,4221.85986328125,1.5110000371932983,1135.0
2021-06-18,1767.9000244140625,92.2300033569336,71.63999938964844,4166.4501953125,1.4500000476837158,354.0
2021-06-21,1781.800048828125,91.86000061035156,73.66000366210938,4224.7900390625,1.4839999675750732,38.0
2021-06-22,1776.300048828125,91.7300033569336,73.05999755859375,4246.43994140625,1.472000002861023,101.0
2021-06-23,1782.300048828125,91.80000305175781,73.08000183105469,4241.83984375,1.4869999885559082,136.0
2021-06-24,1775.5999755859375,91.81999969482422,73.30000305175781,4266.490234375,1.4869999885559082,78.0
2021-06-25,1776.5999755859375,91.80999755859375,74.05000305175781,4280.7001953125,1.5360000133514404,35.0
2021-06-28,1779.5999755859375,91.87999725341797,72.91000366210938,4290.60986328125,1.4780000448226929,888.0
2021-06-29,1762.800048828125,92.05000305175781,72.9800033569336,4291.7998046875,1.4800000190734863,419.0
2021-06-30,1770.800048828125,92.44000244140625,73.47000122070312,4297.5,1.4429999589920044,51.0
2021-07-01,1775.9000244140625,92.5999984741211,75.2300033569336,4319.93994140625,1.4800000190734863,44.0
2021-07-02,1782.5999755859375,92.2300033569336,75.16000366210938,4352.33984375,1.430999994277954,23.0
2021-07-06,1793.5,92.55000305175781,73.37000274658203,4343.5400390625,1.3700000047683716,332.0
2021-07-07,1801.5,92.63999938964844,72.19999694824219,4358.1298828125,1.3209999799728394,244.0
2021-07-08,1799.5999755859375,92.36000061035156,72.94000244140625,4320.81982421875,1.2879999876022339,148.0
2021-07-09,1810.0,92.12999725341797,74.55999755859375,4369.5498046875,1.3559999465942383,218.0
2021-07-12,1805.5,92.2300033569336,74.0999984741211,4384.6298828125,1.3630000352859497,147.0
2021-07-13,1809.4000244140625,92.75,75.25,4369.2099609375,1.4149999618530273,78.0
2021-07-14,1824.300048828125,92.41000366210938,73.12999725341797,4374.2998046875,1.3559999465942383,707.0
2021-07-15,1828.4000244140625,92.62000274658203,71.6500015258789,4360.02978515625,1.2970000505447388,99.0
2021-07-16,1814.5,92.69000244140625,71.80999755859375,4327.16015625,1.2999999523162842,78.0
2021-07-19,1808.699951171875,92.88999938964844,66.41999816894531,4258.490234375,1.180999994277954,33.0
2021-07-20,1810.9000244140625,92.97000122070312,67.41999816894531,4323.06005859375,1.2089999914169312,128.0
2021-07-21,1802.9000244140625,92.75,70.30000305175781,4358.68994140625,1.2799999713897705,135.0
2021-07-22,1805.0,92.81999969482422,71.91000366210938,4367.47998046875,1.2649999856948853,2.0
2021-07-23,1801.4000244140625,92.91000366210938,72.06999969482422,4411.7900390625,1.2860000133514404,1.0
2021-07-26,1798.699951171875,92.6500015258789,71.91000366210938,4422.2998046875,1.2760000228881836,17.0
2021-07-27,1799.5,92.43000030517578,71.6500015258789,4401.4599609375,1.2339999675750732,1.0
2021-07-28,1799.5,92.31999969482422,72.38999938964844,4400.64013671875,1.2610000371932983,209783.0
2021-07-29,1831.199951171875,91.86000061035156,73.62000274658203,4419.14990234375,1.2690000534057617,30496.0
2021-07-30,1812.5999755859375,92.16999816894531,73.94999694824219,4395.259765625,1.2389999628067017,3100.0
2021-08-02,1818.0999755859375,92.05000305175781,71.26000213623047,4387.16015625,1.1740000247955322,1334.0
2021-08-03,1810.0999755859375,92.08000183105469,70.55999755859375,4423.14990234375,1.1759999990463257,3341.0
2021-08-04,1810.5,92.2699966430664,68.1500015258789,4402.66015625,1.184000015258789,2860.0
2021-08-05,1805.0999755859375,92.23999786376953,69.08999633789062,4429.10009765625,1.2170000076293945,588.0
2021-08-06,1760.0,92.80000305175781,68.27999877929688,4436.52001953125,1.2899999618530273,859.0
2021-08-09,1723.4000244140625,92.94999694824219,66.4800033569336,4432.35009765625,1.3170000314712524,1621.0
2021-08-10,1728.800048828125,93.05999755859375,68.29000091552734,4436.75,1.3420000076293945,1363.0
2021-08-11,1750.4000244140625,92.91000366210938,69.25,4442.41015625,1.3289999961853027,542.0
2021-08-12,1749.0,93.04000091552734,69.08999633789062,4460.830078125,1.3669999837875366,739.0
2021-08-13,1775.199951171875,92.5199966430664,68.44000244140625,4468.0,1.2970000505447388,436.0
2021-08-16,1786.9000244140625,92.62999725341797,67.29000091552734,4479.7099609375,1.2569999694824219,219.0
2021-08-17,1785.0,93.12999725341797,66.58999633789062,4448.080078125,1.2580000162124634,200.0
2021-08-18,1781.5999755859375,93.13999938964844,65.45999908447266,4400.27001953125,1.2730000019073486,263.0
2021-08-19,1780.199951171875,93.56999969482422,63.689998626708984,4405.7998046875,1.2419999837875366,245.0
2021-08-20,1781.0,93.5,62.31999969482422,4441.669921875,1.2599999904632568,235.0
2021-08-23,1803.199951171875,92.95999908447266,65.63999938964844,4479.52978515625,1.2549999952316284,32.0
2021-08-24,1805.5999755859375,92.88999938964844,67.54000091552734,4486.22998046875,1.2899999618530273,22.0
2021-08-25,1788.199951171875,92.83000183105469,68.36000061035156,4496.18994140625,1.3420000076293945,812.0
2021-08-26,1792.199951171875,93.05999755859375,67.41999816894531,4470.0,1.3420000076293945,61.0
2021-08-27,1816.5999755859375,92.69000244140625,68.73999786376953,4509.3701171875,1.312000036239624,1219.0
2021-08-30,1809.0,92.6500015258789,69.20999908447266,4528.7900390625,1.284999966621399,684.0
2021-08-31,1815.0,92.62999725341797,68.5,4522.68017578125,1.3040000200271606,82.0
2021-09-01,1813.0999755859375,92.44999694824219,68.58999633789062,4524.08984375,1.3020000457763672,114.0
2021-09-02,1808.699951171875,92.2300033569336,69.98999786376953,4536.9501953125,1.2940000295639038,26.0
2021-09-03,1830.9000244140625,92.04000091552734,69.29000091552734,4535.43017578125,1.3220000267028809,53.0
2021-09-07,1795.9000244140625,92.5199966430664,68.3499984741211,4520.02978515625,1.3700000047683716,48.0
2021-09-08,1790.699951171875,92.6500015258789,69.30000305175781,4514.06982421875,1.3339999914169312,69.0
2021-09-09,1797.4000244140625,92.4800033569336,68.13999938964844,4493.27978515625,1.2990000247955322,49.0
2021-09-10,1789.5999755859375,92.58000183105469,69.72000122070312,4458.580078125,1.340999960899353,0.0
2021-09-13,1792.0,92.62000274658203,70.44999694824219,4468.72998046875,1.3240000009536743,533.0
2021-09-14,1804.699951171875,92.6500015258789,70.45999908447266,4443.0498046875,1.2769999504089355,764.0
2021-09-15,1792.4000244140625,92.48999786376953,72.61000061035156,4480.7001953125,1.3040000200271606,59.0
2021-09-16,1754.5999755859375,92.86000061035156,72.61000061035156,4473.75,1.3309999704360962,1645.0
2021-09-17,1749.4000244140625,93.19999694824219,71.97000122070312,4432.990234375,1.3700000047683716,581.0
2021-09-20,1761.800048828125,93.23999786376953,70.29000091552734,4357.72998046875,1.309000015258789,185.0
2021-09-21,1776.0,93.19999694824219,70.55999755859375,4354.18994140625,1.3240000009536743,106.0
2021-09-22,1776.699951171875,93.45999908447266,72.2300033569336,4395.64013671875,1.3359999656677246,17.0
2021-09-23,1747.699951171875,93.0999984741211,73.30000305175781,4448.97998046875,1.409999966621399,31.0
2021-09-24,1749.699951171875,93.33000183105469,73.9800033569336,4455.47998046875,1.4600000381469727,76.0
2021-09-27,1750.0,93.37999725341797,75.44999694824219,4443.10986328125,1.4839999675750732,808.0
2021-09-28,1735.800048828125,93.7699966430664,75.29000091552734,4352.6298828125,1.534000039100647,15748.0
2021-09-29,1721.5,94.33999633789062,74.83000183105469,4359.4599609375,1.5410000085830688,6634.0
2021-09-30,1755.300048828125,94.25,75.02999877929688,4307.5400390625,1.5290000438690186,997.0
2021-10-01,1757.0,94.04000091552734,75.87999725341797,4357.0400390625,1.4789999723434448,2220.0
2021-10-04,1766.199951171875,93.80999755859375,77.62000274658203,4300.4599609375,1.4809999465942383,417.0
2021-10-05,1759.5999755859375,93.9800033569336,78.93000030517578,4345.72021484375,1.5290000438690186,98.0
2021-10-06,1760.5,94.2699966430664,77.43000030517578,4363.5498046875,1.5240000486373901,56.0
2021-10-07,1757.9000244140625,94.22000122070312,78.30000305175781,4399.759765625,1.5709999799728394,336.0
2021-10-08,1756.300048828125,94.06999969482422,79.3499984741211,4391.33984375,1.6050000190734863,254.0
2021-10-11,1754.5999755859375,94.31999969482422,80.5199966430664,4361.18994140625,1.6139999628067017,128.0
2021-10-12,1758.300048828125,94.5199966430664,80.63999938964844,4350.64990234375,1.5800000429153442,139.0
2021-10-13,1793.699951171875,94.08000183105469,80.44000244140625,4363.7998046875,1.5490000247955322,150.0
2021-10-14,1796.699951171875,93.95999908447266,81.30999755859375,4438.259765625,1.5190000534057617,337.0
2021-10-15,1767.199951171875,93.94000244140625,82.27999877929688,4471.3701171875,1.5759999752044678,874.0
2021-10-18,1764.800048828125,93.94999694824219,82.44000244140625,4486.4599609375,1.5839999914169312,266.0
2021-10-19,1769.699951171875,93.79000091552734,82.95999908447266,4519.6298828125,1.6349999904632568,51.0
2021-10-20,1784.0999755859375,93.55999755859375,83.87000274658203,4536.18994140625,1.6360000371932983,127.0
2021-10-21,1781.199951171875,93.7699966430664,82.5,4549.77978515625,1.6759999990463257,146.0
2021-10-22,1795.5,93.61000061035156,83.76000213623047,4544.89990234375,1.6549999713897705,532.0
2021-10-25,1806.0,93.80999755859375,83.76000213623047,4566.47998046875,1.6349999904632568,140.0
2021-10-26,1792.699951171875,93.94999694824219,84.6500015258789,4574.7900390625,1.61899995803833,359.0
2021-10-27,1797.9000244140625,93.86000061035156,82.66000366210938,4551.68017578125,1.5290000438690186,543.0
2021-10-28,1801.5999755859375,93.3499984741211,82.80999755859375,4596.419921875,1.5679999589920044,452.0
2021-10-29,1783.0,94.12000274658203,83.56999969482422,4605.3798828125,1.5570000410079956,583.0
2021-11-01,1795.0999755859375,93.87999725341797,84.05000305175781,4613.669921875,1.5750000476837158,142.0
2021-11-02,1788.699951171875,94.08999633789062,83.91000366210938,4630.64990234375,1.5490000247955322,213.0
2021-11-03,1763.5999755859375,93.86000061035156,80.86000061035156,4660.56982421875,1.5789999961853027,108.0
2021-11-04,1793.0,94.3499984741211,78.80999755859375,4680.06005859375,1.5240000486373901,103.0
2021-11-05,1816.4000244140625,94.31999969482422,81.2699966430664,4697.52978515625,1.4529999494552612,239.0
2021-11-08,1827.4000244140625,94.05000305175781,81.93000030517578,4701.7001953125,1.496999979019165,261.0
2021-11-09,1830.199951171875,93.95999908447266,84.1500015258789,4685.25,1.4320000410079956,170.0
2021-11-10,1847.5999755859375,94.8499984741211,81.33999633789062,4646.7099609375,1.559999942779541,795.0
2021-11-11,1863.199951171875,95.18000030517578,81.58999633789062,4649.27001953125,1.559999942779541,292.0
2021-11-12,1867.9000244140625,95.12999725341797,80.79000091552734,4682.85009765625,1.5820000171661377,210.0
2021-11-15,1866.0999755859375,95.41000366210938,80.87999725341797,4682.7998046875,1.6230000257492065,87.0
2021-11-16,1853.5999755859375,95.91999816894531,80.76000213623047,4700.89990234375,1.6339999437332153,1.0
2021-11-17,1869.699951171875,95.83000183105469,78.36000061035156,4688.669921875,1.6039999723434448,2.0
2021-11-18,1861.0,95.54000091552734,79.01000213623047,4704.5400390625,1.5889999866485596,9.0
2021-11-19,1851.199951171875,96.06999969482422,76.0999984741211,4697.9599609375,1.5360000133514404,21.0
2021-11-22,1806.0,96.5,76.75,4682.93994140625,1.625,14.0
2021-11-23,1783.5,96.48999786376953,78.5,4690.7001953125,1.6670000553131104,264.0
2021-11-24,1784.0999755859375,96.83999633789062,78.38999938964844,4701.4599609375,1.6449999809265137,188.0
2021-11-26,1785.300048828125,96.08999633789062,68.1500015258789,4594.6201171875,1.4819999933242798,186800.0
2021-11-29,1782.300048828125,96.33999633789062,69.94999694824219,4655.27001953125,1.5299999713897705,26926.0
2021-11-30,1773.5999755859375,95.98999786376953,66.18000030517578,4567.0,1.4429999589920044,4903.0
2021-12-01,1781.5999755859375,96.05000305175781,65.56999969482422,4513.0400390625,1.434000015258789,1128.0
2021-12-02,1760.699951171875,96.12999725341797,66.5,4577.10009765625,1.4479999542236328,1557.0
2021-12-03,1782.0,96.12000274658203,66.26000213623047,4538.43017578125,1.343000054359436,694.0
2021-12-06,1777.5,96.29000091552734,69.48999786376953,4591.669921875,1.434000015258789,381.0
2021-12-07,1782.5999755859375,96.37000274658203,72.05000305175781,4686.75,1.4800000190734863,308.0
2021-12-08,1783.4000244140625,95.88999938964844,72.36000061035156,4701.2099609375,1.5089999437332153,1383.0
2021-12-09,1774.5999755859375,96.2699966430664,70.94000244140625,4667.4501953125,1.4869999885559082,455.0
2021-12-10,1782.9000244140625,96.05000305175781,71.66999816894531,4712.02001953125,1.4889999628067017,545.0
2021-12-13,1786.300048828125,96.31999969482422,71.29000091552734,4668.97021484375,1.4240000247955322,206.0
2021-12-14,1770.4000244140625,96.56999969482422,70.7300033569336,4634.08984375,1.437999963760376,322.0
2021-12-15,1762.5999755859375,96.51000213623047,70.87000274658203,4709.85009765625,1.4630000591278076,283.0
2021-12-16,1796.5999755859375,96.04000091552734,72.37999725341797,4668.669921875,1.4220000505447388,21.0
2021-12-17,1803.800048828125,96.56999969482422,70.86000061035156,4620.64013671875,1.4019999504089355,654.0
2021-12-20,1793.699951171875,96.55000305175781,68.2300033569336,4568.02001953125,1.4190000295639038,226.0
2021-12-21,1787.9000244140625,96.48999786376953,71.12000274658203,4649.22998046875,1.4869999885559082,575.0
2021-12-22,1801.5999755859375,96.08000183105469,72.76000213623047,4696.56005859375,1.4570000171661377,567.0
2021-12-23,1811.199951171875,96.0199966430664,73.79000091552734,4725.7900390625,1.4930000305175781,193.0
2021-12-27,1808.0999755859375,96.08999633789062,75.56999969482422,4791.18994140625,1.4809999465942383,150.0
2021-12-28,1810.199951171875,96.19999694824219,75.9800033569336,4786.35009765625,1.4809999465942383,146.0
2021-12-29,1805.0999755859375,95.93000030517578,76.55999755859375,4793.06005859375,1.5429999828338623,623.0
2021-12-30,1812.699951171875,95.97000122070312,76.98999786376953,4778.72998046875,1.5149999856948853,306.0
2021-12-31,1827.5,95.66999816894531,75.20999908447266,4766.18017578125,1.5119999647140503,80.0
2022-01-03,1799.4000244140625,96.23999786376953,76.08000183105469,4796.56005859375,1.628000020980835,116.0
2022-01-04,1814.0,96.29000091552734,76.98999786376953,4793.5400390625,1.6679999828338623,38.0
2022-01-05,1824.5999755859375,96.19000244140625,77.8499984741211,4700.580078125,1.7050000429153442,8.0
2022-01-06,1788.699951171875,96.25,79.45999908447266,4696.0498046875,1.7330000400543213,30.0
2022-01-07,1797.0,95.73999786376953,78.9000015258789,4677.02978515625,1.7710000276565552,17.0
2022-01-10,1798.4000244140625,95.98999786376953,78.2300033569336,4670.2900390625,1.7799999713897705,534.0
2022-01-11,1818.5999755859375,95.62000274658203,81.22000122070312,4713.06982421875,1.746000051498413,743.0
2022-01-12,1827.199951171875,95.0,82.63999938964844,4726.35009765625,1.725000023841858,1547.0
2022-01-13,1821.199951171875,94.79000091552734,82.12000274658203,4659.02978515625,1.7109999656677246,40.0
2022-01-14,1816.5,95.16999816894531,83.81999969482422,4662.85009765625,1.7719999551773071,816.0
2022-01-18,1812.300048828125,95.7300033569336,85.43000030517578,4577.10986328125,1.8650000095367432,900.0
2022-01-19,1843.0999755859375,95.51000213623047,86.95999908447266,4532.759765625,1.8270000219345093,4.0
2022-01-20,1842.5,95.73999786376953,86.9000015258789,4482.72998046875,1.8329999446868896,20.0
2022-01-21,1831.800048828125,95.63999938964844,85.13999938964844,4397.93994140625,1.746999979019165,19.0
2022-01-24,1841.699951171875,95.91999816894531,83.30999755859375,4410.1298828125,1.7350000143051147,8.0
2022-01-25,1852.699951171875,95.94999694824219,85.5999984741211,4356.4501953125,1.7829999923706055,11.0
2022-01-26,1829.9000244140625,96.48999786376953,87.3499984741211,4349.93017578125,1.8480000495910645,55.0
2022-01-27,1793.300048828125,97.26000213623047,86.61000061035156,4326.509765625,1.8070000410079956,196036.0
2022-01-28,1784.9000244140625,97.2699966430664,86.81999969482422,4431.85009765625,1.781999945640564,28521.0
2022-01-31,1795.0,96.54000091552734,88.1500015258789,4515.5498046875,1.781999945640564,1735.0
2022-02-01,1800.300048828125,96.38999938964844,88.19999694824219,4546.5400390625,1.7999999523162842,223.0
2022-02-02,1809.199951171875,95.94000244140625,88.26000213623047,4589.3798828125,1.7660000324249268,1690.0
2022-02-03,1803.0,95.37999725341797,90.2699966430664,4477.43994140625,1.8270000219345093,466.0
2022-02-04,1806.5999755859375,95.4800033569336,92.30999755859375,4500.52978515625,1.9299999475479126,571.0
2022-02-07,1820.5999755859375,95.4000015258789,91.31999969482422,4483.8701171875,1.9160000085830688,601.0
2022-02-08,1826.5999755859375,95.63999938964844,89.36000061035156,4521.5400390625,1.9539999961853027,108.0
2022-02-09,1835.199951171875,95.48999786376953,89.66000366210938,4587.18017578125,1.9290000200271606,683.0
2022-02-10,1836.199951171875,95.55000305175781,89.87999725341797,4504.080078125,2.0309998989105225,365.0
2022-02-11,1840.800048828125,96.08000183105469,93.0999984741211,4418.64013671875,1.9550000429153442,181.0
2022-02-14,1868.0,96.37000274658203,95.45999908447266,4401.669921875,1.996000051498413,79.0
2022-02-15,1854.800048828125,95.98999786376953,92.06999969482422,4471.06982421875,2.0450000762939453,86.0
2022-02-16,1870.199951171875,95.69999694824219,93.66000366210938,4475.009765625,2.046999931335449,34.0
2022-02-17,1900.699951171875,95.80000305175781,91.76000213623047,4380.259765625,1.972000002861023,393.0
2022-02-18,1898.5999755859375,96.04000091552734,91.06999969482422,4348.8701171875,1.9320000410079956,51.0
2022-02-22,1906.0999755859375,96.02999877929688,92.3499984741211,4304.759765625,1.9479999542236328,173.0
2022-02-23,1909.199951171875,96.19000244140625,92.0999984741211,4225.5,1.9769999980926514,73.0
2022-02-24,1925.0999755859375,97.13999938964844,92.80999755859375,4288.7001953125,1.968999981880188,2706.0
2022-02-25,1886.5,96.62000274658203,91.58999633789062,4384.64990234375,1.9859999418258667,586.0
2022-02-28,1899.4000244140625,96.70999908447266,95.72000122070312,4373.93994140625,1.8389999866485596,390.0
2022-03-01,1942.4000244140625,97.41000366210938,103.41000366210938,4306.259765625,1.7070000171661377,547.0
2022-03-02,1920.9000244140625,97.38999938964844,110.5999984741211,4386.5400390625,1.8650000095367432,109.0
2022-03-03,1934.4000244140625,97.79000091552734,107.66999816894531,4363.490234375,1.843999981880188,122.0
2022-03-04,1965.0999755859375,98.6500015258789,115.68000030517578,4328.8701171875,1.7239999771118164,47.0
2022-03-07,1993.9000244140625,99.29000091552734,119.4000015258789,4201.08984375,1.7510000467300415,2516.0
2022-03-08,2040.0999755859375,99.05999755859375,123.69999694824219,4170.7001953125,1.871999979019165,1813.0
2022-03-09,1985.9000244140625,97.97000122070312,108.69999694824219,4277.8798828125,1.9479999542236328,1022.0
2022-03-10,1998.0999755859375,98.51000213623047,106.0199966430664,4259.52001953125,2.010999917984009,670.0
2022-03-11,1982.699951171875,99.12000274658203,109.33000183105469,4204.31005859375,2.003999948501587,865.0
2022-03-14,1959.5999755859375,99.05999755859375,103.01000213623047,4173.10986328125,2.140000104904175,145.0
2022-03-15,1928.5,99.06999969482422,96.44000244140625,4262.4501953125,2.1600000858306885,71.0
2022-03-16,1908.0,98.37999725341797,95.04000091552734,4357.85986328125,2.187999963760376,104.0
2022-03-17,1942.0999755859375,98.01000213623047,102.9800033569336,4411.669921875,2.191999912261963,39.0
2022-03-18,1928.199951171875,98.2300033569336,104.69999694824219,4463.1201171875,2.1480000019073486,28.0
2022-03-21,1928.5999755859375,98.5,112.12000274658203,4461.18017578125,2.315000057220459,5.0
2022-03-22,1920.699951171875,98.48999786376953,111.76000213623047,4511.60986328125,2.372999906539917,26.0
2022-03-23,1936.5999755859375,98.62000274658203,114.93000030517578,4456.240234375,2.321000099182129,204.0
2022-03-24,1961.5999755859375,98.79000091552734,112.33999633789062,4520.16015625,2.3410000801086426,8.0
2022-03-25,1953.800048828125,98.80999755859375,113.9000015258789,4543.06005859375,2.492000102996826,83.0
2022-03-28,1939.5999755859375,99.08999633789062,105.95999908447266,4575.52001953125,2.4769999980926514,7.0
2022-03-29,1912.0,98.4000015258789,104.23999786376953,4631.60009765625,2.4000000953674316,128051.0
2022-03-30,1933.5,97.79000091552734,107.81999969482422,4602.4501953125,2.3580000400543213,17765.0
2022-03-31,1949.199951171875,98.30999755859375,100.27999877929688,4530.41015625,2.3269999027252197,3617.0
2022-04-01,1919.0999755859375,98.62999725341797,99.2699966430664,4545.85986328125,2.377000093460083,1016.0
2022-04-04,1929.199951171875,98.98999786376953,103.27999877929688,4582.64013671875,2.4119999408721924,371.0
2022-04-05,1922.9000244140625,99.47000122070312,101.95999908447266,4525.1201171875,2.555999994277954,412.0
2022-04-06,1918.4000244140625,99.5999984741211,96.2300033569336,4481.14990234375,2.6089999675750732,138.0
2022-04-07,1933.800048828125,99.75,96.02999877929688,4500.2099609375,2.6519999504089355,311.0
2022-04-08,1941.5999755859375,99.80000305175781,98.26000213623047,4488.27978515625,2.7130000591278076,153.0
2022-04-11,1944.300048828125,99.93000030517578,94.29000091552734,4412.52978515625,2.7799999713897705,163.0
2022-04-12,1972.0999755859375,100.29000091552734,100.5999984741211,4397.4501953125,2.7249999046325684,246.0
2022-04-13,1981.0,99.87999725341797,104.25,4446.58984375,2.687000036239624,204.0
2022-04-14,1970.9000244140625,100.31999969482422,106.94999694824219,4392.58984375,2.828000068664551,101.0
2022-04-18,1982.9000244140625,100.77999877929688,108.20999908447266,4391.68994140625,2.861999988555908,196.0
2022-04-19,1955.699951171875,100.95999908447266,102.55999755859375,4462.2099609375,2.9130001068115234,130.0
2022-04-20,1952.300048828125,100.38999938964844,102.75,4459.4501953125,2.8399999141693115,621.0
2022-04-21,1944.9000244140625,100.58000183105469,103.79000091552734,4393.66015625,2.9170000553131104,4.0
2022-04-22,1931.0,101.22000122070312,102.06999969482422,4271.77978515625,2.9059998989105225,178.0
2022-04-25,1893.199951171875,101.75,98.54000091552734,4296.1201171875,2.8259999752044678,748.0
2022-04-26,1901.4000244140625,102.30000305175781,101.69999694824219,4175.2001953125,2.7720000743865967,302.0
2022-04-27,1885.9000244140625,102.94999694824219,102.0199966430664,4183.9599609375,2.818000078201294,1786.0
2022-04-28,1888.699951171875,103.62000274658203,105.36000061035156,4287.5,2.86299991607666,513.0
2022-04-29,1909.300048828125,102.95999908447266,104.69000244140625,4131.93017578125,2.88700008392334,132.0
2022-05-02,1861.800048828125,103.73999786376953,105.16999816894531,4155.3798828125,2.996000051498413,385.0
2022-05-03,1868.800048828125,103.47000122070312,102.41000366210938,4175.47998046875,2.9600000381469727,466.0
2022-05-04,1867.0,102.58999633789062,107.80999755859375,4300.169921875,2.9170000553131104,1.0
2022-05-05,1874.0,103.75,108.26000213623047,4146.8701171875,3.065999984741211,80.0
2022-05-06,1881.199951171875,103.66000366210938,109.7699966430664,4123.33984375,3.122999906539917,214.0
2022-05-09,1857.0999755859375,103.6500015258789,103.08999633789062,3991.239990234375,3.0789999961853027,304.0
2022-05-10,1839.9000244140625,103.91999816894531,99.76000213623047,4001.050048828125,2.993000030517578,1540.0
2022-05-11,1852.5999755859375,103.8499984741211,105.70999908447266,3935.179931640625,2.9210000038146973,892.0
2022-05-12,1823.800048828125,104.8499984741211,106.12999725341797,3930.080078125,2.816999912261963,153.0
2022-05-13,1807.4000244140625,104.55999755859375,110.48999786376953,4023.889892578125,2.934999942779541,335.0
2022-05-16,1813.5,104.19000244140625,114.19999694824219,4008.010009765625,2.877000093460083,34.0
2022-05-17,1818.199951171875,103.36000061035156,112.4000015258789,4088.85009765625,2.9679999351501465,121.0
2022-05-18,1815.9000244140625,103.80999755859375,109.58999633789062,3923.679931640625,2.885999917984009,311.0
2022-05-19,1841.199951171875,102.72000122070312,112.20999908447266,3900.7900390625,2.8550000190734863,138.0
2022-05-20,1841.800048828125,103.1500015258789,113.2300033569336,3901.360107421875,2.7869999408721924,110.0
2022-05-23,1847.800048828125,102.08000183105469,110.29000091552734,3973.75,2.8589999675750732,216.0
2022-05-24,1865.0999755859375,101.86000061035156,109.7699966430664,3941.47998046875,2.759999990463257,33.0
2022-05-25,1846.199951171875,102.05999755859375,110.33000183105469,3978.72998046875,2.749000072479248,0.0
2022-05-26,1847.4000244140625,101.83000183105469,114.08999633789062,4057.840087890625,2.75600004196167,123355.0
2022-05-27,1851.300048828125,101.66999816894531,115.06999969482422,4158.240234375,2.743000030517578,30091.0
2022-05-31,1842.699951171875,101.75,114.66999816894531,4132.14990234375,2.8440001010894775,4073.0
2022-06-01,1843.300048828125,102.55000305175781,115.26000213623047,4101.22998046875,2.930999994277954,1623.0
2022-06-02,1866.5,101.7699966430664,116.87000274658203,4176.81982421875,2.9130001068115234,551.0
2022-06-03,1845.4000244140625,102.13999938964844,118.87000274658203,4108.5400390625,2.9570000171661377,53.0
2022-06-06,1839.199951171875,102.44000244140625,118.5,4121.43017578125,3.0380001068115234,142.0
2022-06-07,1847.5,102.31999969482422,119.41000366210938,4160.68017578125,2.9719998836517334,1168.0
2022-06-08,1851.9000244140625,102.54000091552734,122.11000061035156,4115.77001953125,3.0290000438690186,218.0
2022-06-09,1848.800048828125,103.22000122070312,121.51000213623047,4017.820068359375,3.0439999103546143,159.0
2022-06-10,1871.5,104.1500015258789,120.66999816894531,3900.860107421875,3.1559998989105225,1490.0
2022-06-13,1828.0,105.08000183105469,120.93000030517578,3749.6298828125,3.365999937057495,127.0
2022-06-14,1809.5,105.5199966430664,118.93000030517578,3735.47998046875,3.4830000400543213,536.0
2022-06-15,1815.300048828125,105.16000366210938,115.30999755859375,3789.989990234375,3.3949999809265137,108.0
2022-06-16,1845.699951171875,103.62999725341797,117.58999633789062,3666.77001953125,3.306999921798706,136.0
2022-06-17,1835.5999755859375,104.69999694824219,109.55999755859375,3674.840087890625,3.239000082015991,170.0
2022-06-21,1834.5999755859375,104.44000244140625,110.6500015258789,3764.7900390625,3.306999921798706,216.0
2022-06-22,1834.300048828125,104.19999694824219,106.19000244140625,3759.889892578125,3.1559998989105225,115.0
2022-06-23,1825.699951171875,104.43000030517578,104.2699966430664,3795.72998046875,3.068000078201294,9.0
2022-06-24,1826.5,104.19000244140625,107.62000274658203,3911.739990234375,3.125,61.0
2022-06-27,1820.9000244140625,103.94000244140625,109.56999969482422,3900.110107421875,3.194000005722046,77.0
2022-06-28,1817.5,104.51000213623047,111.76000213623047,3821.550048828125,3.2060000896453857,391.0
2022-06-29,1813.699951171875,105.11000061035156,109.77999877929688,3818.830078125,3.0929999351501465,173.0
2022-06-30,1804.0999755859375,104.69000244140625,105.76000213623047,3785.3798828125,2.9719998836517334,328.0
2022-07-01,1798.9000244140625,105.13999938964844,108.43000030517578,3825.330078125,2.8889999389648438,77.0
2022-07-05,1761.800048828125,106.5,99.5,3831.389892578125,2.809000015258789,64.0
2022-07-06,1734.9000244140625,107.0999984741211,98.52999877929688,3845.080078125,2.9130001068115234,1729.0
2022-07-07,1737.9000244140625,107.12999725341797,102.7300033569336,3902.6201171875,3.007999897003174,1869.0
2022-07-08,1740.5999755859375,107.01000213623047,104.79000091552734,3899.3798828125,3.1010000705718994,370.0
2022-07-11,1730.0,108.0199966430664,104.08999633789062,3854.429931640625,2.990999937057495,75.0
2022-07-12,1723.300048828125,108.06999969482422,95.83999633789062,3818.800048828125,2.9579999446868896,451.0
2022-07-13,1734.199951171875,107.95999908447266,96.30000305175781,3801.780029296875,2.9040000438690186,368.0
2022-07-14,1704.5,108.54000091552734,95.77999877929688,3790.3798828125,2.9600000381469727,1289.0
2022-07-15,1702.4000244140625,108.05999755859375,97.58999633789062,3863.159912109375,2.930000066757202,721.0
2022-07-18,1709.199951171875,107.37000274658203,102.5999984741211,3830.85009765625,2.9600000381469727,264.0
2022-07-19,1710.0,106.68000030517578,104.22000122070312,3936.68994140625,3.0190000534057617,1684.0
2022-07-20,1699.5,107.08000183105469,102.26000213623047,3959.89990234375,3.0360000133514404,130.0
2022-07-21,1712.699951171875,106.91000366210938,96.3499984741211,3998.949951171875,2.9100000858306885,183.0
2022-07-22,1727.0999755859375,106.7300033569336,94.69999694824219,3961.6298828125,2.7829999923706055,61.0
2022-07-25,1719.0,106.4800033569336,96.69999694824219,3966.840087890625,2.819999933242798,67.0
2022-07-26,1717.699951171875,107.19000244140625,94.9800033569336,3921.050048828125,2.7869999408721924,1.0
2022-07-27,1719.0999755859375,106.44999694824219,97.26000213623047,4023.610107421875,2.7339999675750732,144865.0
2022-07-28,1750.300048828125,106.3499984741211,96.41999816894531,4072.429931640625,2.680999994277954,37236.0
2022-07-29,1762.9000244140625,105.9000015258789,98.62000274658203,4130.2900390625,2.6419999599456787,3485.0
2022-08-01,1769.0,105.44999694824219,93.88999938964844,4118.6298828125,2.6059999465942383,705.0
2022-08-02,1771.0999755859375,106.23999786376953,94.41999816894531,4091.18994140625,2.740999937057495,1078.0
2022-08-03,1758.0,106.51000213623047,90.66000366210938,4155.169921875,2.747999906539917,399.0
2022-08-04,1788.5,105.69000244140625,88.54000091552734,4151.93994140625,2.6760001182556152,285.0
2022-08-05,1772.9000244140625,106.62000274658203,89.01000213623047,4145.18994140625,2.8399999141693115,645.0
2022-08-08,1786.800048828125,106.44000244140625,90.76000213623047,4140.06005859375,2.765000104904175,127.0
2022-08-09,1794.0,106.37000274658203,90.5,4122.47021484375,2.796999931335449,249.0
2022-08-10,1795.5999755859375,105.19999694824219,91.93000030517578,4210.240234375,2.7860000133514404,601.0
2022-08-11,1789.699951171875,105.08999633789062,94.33999633789062,4207.27001953125,2.888000011444092,1235.0
2022-08-12,1798.5999755859375,105.62999725341797,92.08999633789062,4280.14990234375,2.8489999771118164,187.0
2022-08-15,1781.4000244140625,106.55000305175781,89.41000366210938,4297.14013671875,2.7909998893737793,64.0
2022-08-16,1773.199951171875,106.5,86.52999877929688,4305.2001953125,2.8239998817443848,308.0
2022-08-17,1760.300048828125,106.56999969482422,88.11000061035156,4274.0400390625,2.8929998874664307,23.0
2022-08-18,1755.300048828125,107.4800033569336,90.5,4283.740234375,2.880000114440918,321.0
2022-08-19,1747.5999755859375,108.16999816894531,90.7699966430664,4228.47998046875,2.989000082015991,49.0
2022-08-22,1734.0,109.05000305175781,90.2300033569336,4137.990234375,3.0369999408721924,347.0
2022-08-23,1746.800048828125,108.62000274658203,93.73999786376953,4128.72998046875,3.053999900817871,509.0
2022-08-24,1747.800048828125,108.68000030517578,94.88999938964844,4140.77001953125,3.1059999465942383,187.0
2022-08-25,1757.699951171875,108.47000122070312,92.5199966430664,4199.1201171875,3.0260000228881836,172.0
2022-08-26,1736.0999755859375,108.80000305175781,93.05999755859375,4057.659912109375,3.0350000858306885,202.0
2022-08-29,1736.5999755859375,108.83999633789062,97.01000213623047,4030.610107421875,3.109999895095825,950.0
2022-08-30,1723.199951171875,108.7699966430664,91.63999938964844,3986.159912109375,3.109999895095825,385.0
2022-08-31,1712.800048828125,108.69999694824219,89.55000305175781,3955.0,3.132999897003174,2133.0
2022-09-01,1696.5999755859375,109.69000244140625,86.61000061035156,3966.85009765625,3.265000104904175,683.0
2022-09-02,1709.800048828125,109.52999877929688,86.87000274658203,3924.260009765625,3.193000078201294,182.0
2022-09-06,1700.4000244140625,110.20999908447266,86.87999725341797,3908.18994140625,3.3399999141693115,697.0
2022-09-07,1715.300048828125,109.83999633789062,81.94000244140625,3979.8701171875,3.265000104904175,651.0
2022-09-08,1708.0,109.70999908447266,83.54000091552734,4006.179931640625,3.2920000553131104,1193.0
2022-09-09,1716.199951171875,109.0,86.79000091552734,4067.360107421875,3.321000099182129,635.0
2022-09-12,1728.0999755859375,108.33000183105469,87.77999877929688,4110.41015625,3.361999988555908,68.0
2022-09-13,1705.0,109.81999969482422,87.30999755859375,3932.68994140625,3.421999931335449,432.0
2022-09-14,1696.5,109.66000366210938,88.4800033569336,3946.010009765625,3.4119999408721924,532.0
2022-09-15,1665.4000244140625,109.73999786376953,85.0999984741211,3901.35009765625,3.4590001106262207,1125.0
2022-09-16,1671.699951171875,109.76000213623047,85.11000061035156,3873.330078125,3.447999954223633,464.0
2022-09-19,1666.199951171875,109.73999786376953,85.7300033569336,3899.889892578125,3.490000009536743,580.0
2022-09-20,1659.699951171875,110.22000122070312,84.44999694824219,3855.929931640625,3.571000099182129,2830.0
2022-09-21,1664.5999755859375,110.63999938964844,82.94000244140625,3789.929931640625,3.509999990463257,2337.0
2022-09-22,1670.800048828125,111.3499984741211,83.48999786376953,3757.989990234375,3.7079999446868896,973.0
2022-09-23,1645.300048828125,113.19000244140625,78.73999786376953,3693.22998046875,3.697000026702881,1224.0
2022-09-26,1623.300048828125,114.0999984741211,76.70999908447266,3655.0400390625,3.878000020980835,1205.0
2022-09-27,1626.699951171875,114.11000061035156,78.5,3647.2900390625,3.9639999866485596,888.0
2022-09-28,1660.4000244140625,112.5999984741211,82.1500015258789,3719.0400390625,3.7049999237060547,18311.0
2022-09-29,1658.5,112.25,81.2300033569336,3640.469970703125,3.746999979019165,6028.0
2022-09-30,1662.4000244140625,112.12000274658203,79.48999786376953,3585.6201171875,3.803999900817871,548.0
2022-10-03,1692.9000244140625,111.75,83.62999725341797,3678.429931640625,3.6510000228881836,410.0
2022-10-04,1721.0999755859375,110.06999969482422,86.5199966430664,3790.929931640625,3.617000102996826,291.0
2022-10-05,1711.4000244140625,111.06999969482422,87.76000213623047,3783.280029296875,3.759000062942505,418.0
2022-10-06,1711.699951171875,112.26000213623047,88.44999694824219,3744.52001953125,3.8259999752044678,133.0
2022-10-07,1700.5,112.80000305175781,92.63999938964844,3639.659912109375,3.882999897003174,179.0
2022-10-10,1667.300048828125,113.13999938964844,91.12999725341797,3612.389892578125,3.888000011444092,195.0
2022-10-11,1678.699951171875,113.22000122070312,89.3499984741211,3588.840087890625,3.938999891281128,167.0
2022-10-12,1670.300048828125,113.31999969482422,87.2699966430664,3577.030029296875,3.9019999504089355,149.0
2022-10-13,1670.0,112.36000061035156,89.11000061035156,3669.909912109375,3.9519999027252197,729.0
2022-10-14,1641.699951171875,113.30999755859375,85.61000061035156,3583.070068359375,4.010000228881836,82.0
2022-10-17,1657.0,112.04000091552734,85.45999908447266,3677.949951171875,4.014999866485596,238.0
2022-10-18,1649.0,112.12999725341797,82.81999969482422,3719.97998046875,3.997999906539917,597.0
2022-10-19,1627.5,112.9800033569336,85.55000305175781,3695.159912109375,4.126999855041504,84.0
2022-10-20,1630.800048828125,112.87999725341797,85.9800033569336,3665.780029296875,4.22599983215332,477.0
2022-10-21,1651.0,112.01000213623047,85.05000305175781,3752.75,4.2129998207092285,224.0
2022-10-24,1648.699951171875,111.98999786376953,84.58000183105469,3797.340087890625,4.234000205993652,29.0
2022-10-25,1652.800048828125,110.94999694824219,85.31999969482422,3859.110107421875,4.107999801635742,880.0
2022-10-26,1664.0,109.69999694824219,87.91000366210938,3830.60009765625,4.014999866485596,89.0
2022-10-27,1660.699951171875,110.58999633789062,89.08000183105469,3807.300048828125,3.937000036239624,2298.0
2022-10-28,1639.5999755859375,110.66999816894531,87.9000015258789,3901.06005859375,4.010000228881836,626.0
2022-10-31,1635.9000244140625,111.52999877929688,86.52999877929688,3871.97998046875,4.077000141143799,522.0
2022-11-01,1645.0,111.4800033569336,88.37000274658203,3856.10009765625,4.052000045776367,985.0
2022-11-02,1645.699951171875,111.3499984741211,90.0,3759.68994140625,4.059000015258789,612.0
2022-11-03,1627.300048828125,112.93000030517578,88.16999816894531,3719.889892578125,4.124000072479248,1427.0
2022-11-04,1672.5,110.87999725341797,92.61000061035156,3770.550048828125,4.156000137329102,159.0
2022-11-07,1676.5,110.12000274658203,91.79000091552734,3806.800048828125,4.214000225067139,42.0
2022-11-08,1712.0999755859375,109.62000274658203,88.91000366210938,3828.110107421875,4.125999927520752,23.0
2022-11-09,1710.0999755859375,110.55000305175781,85.83000183105469,3748.570068359375,4.151000022888184,497.0
2022-11-10,1750.300048828125,108.20999908447266,86.47000122070312,3956.3701171875,3.8289999961853027,325.0
2022-11-11,1766.0,106.29000091552734,88.95999908447266,3992.929931640625,3.812999963760376,257.0
2022-11-14,1773.5999755859375,106.66000366210938,85.87000274658203,3957.25,3.865000009536743,358.0
2022-11-15,1773.800048828125,106.4000015258789,86.91999816894531,3991.72998046875,3.7990000247955322,57.0
2022-11-16,1773.0,106.27999877929688,85.58999633789062,3958.7900390625,3.691999912261963,303.0
2022-11-17,1760.800048828125,106.69000244140625,81.63999938964844,3946.56005859375,3.7750000953674316,18.0
2022-11-18,1751.9000244140625,106.93000030517578,80.08000183105469,3965.340087890625,3.818000078201294,414.0
2022-11-21,1737.4000244140625,107.83999633789062,79.7300033569336,3949.93994140625,3.825000047683716,544.0
2022-11-22,1738.300048828125,107.22000122070312,80.94999694824219,4003.580078125,3.757999897003174,15.0
2022-11-23,1744.9000244140625,106.08000183105469,77.94000244140625,4027.260009765625,3.7060000896453857,39.0
2022-11-25,1753.300048828125,105.95999908447266,76.27999877929688,4026.1201171875,3.690999984741211,216.0
2022-11-28,1740.0999755859375,106.68000030517578,77.23999786376953,3963.93994140625,3.703000068664551,132767.0
2022-11-29,1748.4000244140625,106.81999969482422,78.19999694824219,3957.6298828125,3.747999906539917,19416.0
2022-11-30,1746.0,105.94999694824219,80.55000305175781,4080.110107421875,3.703000068664551,3339.0
2022-12-01,1801.0999755859375,104.7300033569336,81.22000122070312,4076.570068359375,3.5290000438690186,1053.0
2022-12-02,1795.9000244140625,104.55000305175781,79.9800033569336,4071.699951171875,3.50600004196167,1725.0
2022-12-05,1767.4000244140625,105.29000091552734,76.93000030517578,3998.840087890625,3.5989999771118164,1713.0
2022-12-06,1769.300048828125,105.58000183105469,74.25,3941.260009765625,3.513000011444092,105.0
2022-12-07,1785.5,105.0999984741211,72.01000213623047,3933.919921875,3.4079999923706055,422.0
2022-12-08,1788.699951171875,104.7699966430664,71.45999908447266,3963.510009765625,3.490999937057495,713.0
2022-12-09,1798.0999755859375,104.80999755859375,71.0199966430664,3934.3798828125,3.566999912261963,125.0
2022-12-12,1780.5,105.12999725341797,73.16999816894531,3990.56005859375,3.6110000610351562,85.0
2022-12-13,1813.9000244140625,103.9800033569336,75.38999938964844,4019.64990234375,3.500999927520752,205.0
2022-12-14,1807.5,103.7699966430664,77.27999877929688,3995.320068359375,3.503000020980835,1074.0
2022-12-15,1777.199951171875,104.55999755859375,76.11000061035156,3895.75,3.450000047683716,421.0
2022-12-16,1790.0,104.69999694824219,74.29000091552734,3852.360107421875,3.4820001125335693,206.0
2022-12-19,1787.699951171875,104.72000122070312,75.19000244140625,3817.659912109375,3.5810000896453857,79.0
2022-12-20,1815.9000244140625,103.97000122070312,76.08999633789062,3821.6201171875,3.684000015258789,51.0
2022-12-21,1815.9000244140625,104.16000366210938,78.29000091552734,3878.43994140625,3.684000015258789,35.0
2022-12-22,1787.0,104.43000030517578,77.48999786376953,3822.389892578125,3.6689999103546143,411.0
2022-12-23,1795.9000244140625,104.30999755859375,79.55999755859375,3844.820068359375,3.750999927520752,49.0
2022-12-27,1814.800048828125,104.18000030517578,79.52999877929688,3829.25,3.859999895095825,69.0
2022-12-28,1807.9000244140625,104.45999908447266,78.95999908447266,3783.219970703125,3.88700008392334,434.0
2022-12-29,1819.5,103.83999633789062,78.4000015258789,3849.280029296875,3.8350000381469727,277.0
2022-12-30,1819.699951171875,103.5199966430664,80.26000213623047,3839.5,3.878999948501587,95.0
2023-01-03,1839.699951171875,104.5199966430664,76.93000030517578,3824.139892578125,3.7929999828338623,29.0
2023-01-04,1852.800048828125,104.25,72.83999633789062,3852.969970703125,3.7090001106262207,25.0
2023-01-05,1834.800048828125,105.04000091552734,73.66999816894531,3808.10009765625,3.7200000286102295,24.0
2023-01-06,1864.199951171875,103.87999725341797,73.7699966430664,3895.080078125,3.569000005722046,26.0
2023-01-09,1872.699951171875,103.0,74.62999725341797,3892.090087890625,3.5169999599456787,62.0
2023-01-10,1871.5999755859375,103.23999786376953,75.12000274658203,3919.25,3.621000051498413,101.0
2023-01-11,1874.5999755859375,103.19000244140625,77.41000366210938,3969.610107421875,3.553999900817871,1236.0
2023-01-12,1895.5,102.25,78.38999938964844,3983.169921875,3.4489998817443848,59.0
2023-01-13,1918.4000244140625,102.19999694824219,79.86000061035156,3999.090087890625,3.510999917984009,512.0
2023-01-17,1907.199951171875,102.38999938964844,80.18000030517578,3990.969970703125,3.5350000858306885,706.0
2023-01-18,1904.4000244140625,102.36000061035156,79.4800033569336,3928.860107421875,3.375,1027.0
2023-01-19,1922.0999755859375,102.05999755859375,80.33000183105469,3898.85009765625,3.3970000743865967,371.0
2023-01-20,1926.4000244140625,102.01000213623047,81.30999755859375,3972.610107421875,3.4839999675750732,1346.0
2023-01-23,1927.0999755859375,102.13999938964844,81.62000274658203,4019.81005859375,3.5250000953674316,218.0
2023-01-24,1933.9000244140625,101.91999816894531,80.12999725341797,4016.949951171875,3.4690001010894775,201.0
2023-01-25,1941.199951171875,101.63999938964844,80.1500015258789,4016.219970703125,3.4619998931884766,7.0
2023-01-26,1929.0999755859375,101.83999633789062,81.01000213623047,4060.429931640625,3.493000030517578,131.0
2023-01-27,1928.5999755859375,101.93000030517578,79.68000030517578,4070.56005859375,3.5179998874664307,150902.0
2023-01-30,1922.9000244140625,102.27999877929688,77.9000015258789,4017.77001953125,3.5510001182556152,27220.0
2023-01-31,1929.5,102.0999984741211,78.87000274658203,4076.60009765625,3.5290000438690186,1910.0
2023-02-01,1927.800048828125,101.22000122070312,76.41000366210938,4119.2099609375,3.3970000743865967,2290.0
2023-02-02,1916.300048828125,101.75,75.87999725341797,4179.759765625,3.3959999084472656,748.0
2023-02-03,1862.9000244140625,102.91999816894531,73.38999938964844,4136.47998046875,3.5320000648498535,992.0
2023-02-06,1866.199951171875,103.62000274658203,74.11000061035156,4111.080078125,3.634000062942505,424.0
2023-02-07,1871.699951171875,103.43000030517578,77.13999938964844,4164.0,3.6740000247955322,297.0
2023-02-08,1877.4000244140625,103.41000366210938,78.47000122070312,4117.85986328125,3.6530001163482666,230.0
2023-02-09,1866.199951171875,103.22000122070312,78.05999755859375,4081.5,3.683000087738037,223.0
2023-02-10,1862.800048828125,103.62999725341797,79.72000122070312,4090.4599609375,3.74399995803833,27.0
2023-02-13,1851.9000244140625,103.3499984741211,80.13999938964844,4137.2900390625,3.7170000076293945,569.0
2023-02-14,1854.0,103.2300033569336,79.05999755859375,4136.1298828125,3.760999917984009,656.0
2023-02-15,1834.199951171875,103.91999816894531,78.58999633789062,4147.60009765625,3.809000015258789,368.0
2023-02-16,1842.0,103.86000061035156,78.48999786376953,4090.409912109375,3.8429999351501465,222.0
2023-02-17,1840.4000244140625,103.86000061035156,76.33999633789062,4079.090087890625,3.828000068664551,35.0
2023-02-21,1833.0,104.18000030517578,76.16000366210938,3997.340087890625,3.9549999237060547,862.0
2023-02-22,1832.0,104.58999633789062,73.94999694824219,3991.050048828125,3.9230000972747803,278.0
2023-02-23,1818.0,104.5999984741211,75.38999938964844,4012.320068359375,3.878999948501587,291.0
2023-02-24,1808.800048828125,105.20999908447266,76.31999969482422,3970.0400390625,3.9489998817443848,404.0
2023-02-27,1817.0,104.66999816894531,75.68000030517578,3982.239990234375,3.921999931335449,829.0
2023-02-28,1828.9000244140625,104.87000274658203,77.05000305175781,3970.14990234375,3.9159998893737793,618.0
2023-03-01,1837.699951171875,104.4800033569336,77.69000244140625,3951.389892578125,3.99399995803833,211.0
2023-03-02,1833.5,105.02999877929688,78.16000366210938,3981.35009765625,4.072999954223633,154.0
2023-03-03,1847.699951171875,104.5199966430664,79.68000030517578,4045.639892578125,3.9639999866485596,61.0
2023-03-06,1847.9000244140625,104.3499984741211,80.45999908447266,4048.419921875,3.9830000400543213,5.0
2023-03-07,1813.9000244140625,105.62000274658203,77.58000183105469,3986.3701171875,3.9749999046325684,450.0
2023-03-08,1812.699951171875,105.66000366210938,76.66000366210938,3992.010009765625,3.9760000705718994,75.0
2023-03-09,1829.300048828125,105.30999755859375,75.72000122070312,3918.320068359375,3.924999952316284,332.0
2023-03-10,1862.0,104.58000183105469,76.68000030517578,3861.590087890625,3.694999933242798,248.0
2023-03-13,1911.699951171875,103.5999984741211,74.80000305175781,3855.760009765625,3.515000104904175,503.0
2023-03-14,1906.199951171875,103.5999984741211,71.33000183105469,3919.2900390625,3.638000011444092,107.0
2023-03-15,1926.5999755859375,104.6500015258789,67.61000061035156,3891.929931640625,3.492000102996826,564.0
2023-03-16,1919.0,104.41999816894531,68.3499984741211,3960.280029296875,3.5850000381469727,394.0
2023-03-17,1969.800048828125,103.70999908447266,66.73999786376953,3916.639892578125,3.3949999809265137,82.0
2023-03-20,1979.199951171875,103.27999877929688,67.63999938964844,3951.570068359375,3.4809999465942383,389.0
2023-03-21,1938.0,103.26000213623047,69.33000183105469,4002.8701171875,3.6059999465942383,47.0
2023-03-22,1946.800048828125,102.3499984741211,70.9000015258789,3936.969970703125,3.5,50.0
2023-03-23,1993.800048828125,102.52999877929688,69.95999908447266,3948.719970703125,3.4059998989105225,33.0
2023-03-24,1982.0999755859375,103.12000274658203,69.26000213623047,3970.989990234375,3.380000114440918,19.0
2023-03-27,1952.4000244140625,102.86000061035156,72.80999755859375,3977.530029296875,3.5280001163482666,877.0
2023-03-28,1972.4000244140625,102.43000030517578,73.19999694824219,3971.27001953125,3.563999891281128,21.0
2023-03-29,1966.0999755859375,102.63999938964844,72.97000122070312,4027.81005859375,3.565999984741211,88563.0
2023-03-30,1980.300048828125,102.13999938964844,74.37000274658203,4050.830078125,3.5510001182556152,10119.0
2023-03-31,1969.0,102.51000213623047,75.66999816894531,4109.31005859375,3.49399995803833,957.0
2023-04-03,1983.9000244140625,102.08999633789062,80.41999816894531,4124.509765625,3.430000066757202,737.0
2023-04-04,2022.199951171875,101.58999633789062,80.70999908447266,4100.60009765625,3.3369998931884766,811.0
2023-04-05,2020.9000244140625,101.8499984741211,80.61000061035156,4090.3798828125,3.2869999408721924,525.0
2023-04-06,2011.9000244140625,101.81999969482422,80.69999694824219,4105.02001953125,3.2880001068115234,0.0
2023-04-10,1989.0999755859375,102.58000183105469,79.73999786376953,4109.10986328125,3.4149999618530273,652.0
2023-04-11,2004.800048828125,102.19999694824219,81.52999877929688,4108.93994140625,3.434000015258789,68.0
2023-04-12,2010.9000244140625,101.5,83.26000213623047,4091.949951171875,3.4210000038146973,172.0
2023-04-13,2041.300048828125,101.01000213623047,82.16000366210938,4146.22021484375,3.4519999027252197,1043.0
2023-04-14,2002.199951171875,101.55000305175781,82.5199966430664,4137.64013671875,3.5220000743865967,718.0
2023-04-17,1994.199951171875,102.0999984741211,80.83000183105469,4151.31982421875,3.5910000801086426,554.0
2023-04-18,2007.4000244140625,101.75,80.86000061035156,4154.8701171875,3.572000026702881,72.0
2023-04-19,1995.199951171875,101.97000122070312,79.16000366210938,4154.52001953125,3.6019999980926514,61.0
2023-04-20,2007.5999755859375,101.83999633789062,77.29000091552734,4129.7900390625,3.5450000762939453,164.0
2023-04-21,1979.5,101.81999969482422,77.87000274658203,4133.52001953125,3.569999933242798,132.0
2023-04-24,1989.0999755859375,101.3499984741211,78.76000213623047,4137.0400390625,3.515000104904175,145.0
2023-04-25,1994.0,101.86000061035156,77.06999969482422,4071.6298828125,3.3959999084472656,306.0
2023-04-26,1985.699951171875,101.47000122070312,74.30000305175781,4055.989990234375,3.431999921798706,615.0
2023-04-27,1989.9000244140625,101.5,74.76000213623047,4135.35009765625,3.5280001163482666,355.0
2023-04-28,1990.0999755859375,101.66999816894531,76.77999877929688,4169.47998046875,3.4519999027252197,152.0
2023-05-01,1983.4000244140625,102.1500015258789,75.66000366210938,4167.8701171875,3.5739998817443848,210.0
2023-05-02,2014.300048828125,101.95999908447266,71.66000366210938,4119.580078125,3.438999891281128,1896.0
2023-05-03,2028.5999755859375,101.33999633789062,68.5999984741211,4090.75,3.4030001163482666,1349.0
2023-05-04,2048.0,101.4000015258789,68.55999755859375,4061.219970703125,3.3510000705718994,930.0
2023-05-05,2017.4000244140625,101.20999908447266,71.33999633789062,4136.25,3.446000099182129,59.0
2023-05-08,2026.300048828125,101.37000274658203,73.16000366210938,4138.1201171875,3.5209999084472656,3.0
2023-05-09,2036.199951171875,101.63999938964844,73.70999908447266,4119.169921875,3.5209999084472656,241.0
2023-05-10,2030.5,101.4800033569336,72.55999755859375,4137.64013671875,3.438999891281128,248.0
2023-05-11,2014.699951171875,102.05999755859375,70.87000274658203,4130.6201171875,3.3970000743865967,90.0
2023-05-12,2014.5,102.68000030517578,70.04000091552734,4124.080078125,3.4630000591278076,115.0
2023-05-15,2018.0,102.43000030517578,71.11000061035156,4136.27978515625,3.507999897003174,3.0
2023-05-16,1988.4000244140625,102.55999755859375,70.86000061035156,4109.89990234375,3.5490000247955322,49.0
2023-05-17,1980.699951171875,102.87999725341797,72.83000183105469,4158.77001953125,3.5810000896453857,13.0
2023-05-18,1956.5,103.58000183105469,71.86000061035156,4198.0498046875,3.6480000019073486,23.0
2023-05-19,1978.699951171875,103.19999694824219,71.55000305175781,4191.97998046875,3.691999912261963,106.0
2023-05-22,1974.800048828125,103.19999694824219,71.98999786376953,4192.6298828125,3.7190001010894775,8.0
2023-05-23,1972.4000244140625,103.48999786376953,72.91000366210938,4145.580078125,3.697999954223633,1.0
2023-05-24,1962.800048828125,103.88999938964844,74.33999633789062,4115.240234375,3.7190001010894775,189.0
2023-05-25,1943.0999755859375,104.20999908447266,71.83000183105469,4151.27978515625,3.813999891281128,1.0
2023-05-26,1944.0999755859375,104.20999908447266,72.66999816894531,4205.4501953125,3.809999942779541,166036.0
2023-05-30,1958.0,104.16999816894531,69.45999908447266,4205.52001953125,3.700000047683716,37838.0
2023-05-31,1963.9000244140625,104.31999969482422,68.08999633789062,4179.830078125,3.63700008392334,5959.0
2023-06-01,1978.0,103.55999755859375,70.0999984741211,4221.02001953125,3.6080000400543213,750.0
2023-06-02,1952.4000244140625,104.0199966430664,71.73999786376953,4282.3701171875,3.690999984741211,356.0
2023-06-05,1958.0,104.0,72.1500015258789,4273.7900390625,3.693000078201294,713.0
2023-06-06,1965.5,104.12999725341797,71.73999786376953,4283.85009765625,3.6989998817443848,164.0
2023-06-07,1942.699951171875,104.0999984741211,72.52999877929688,4267.52001953125,3.7839999198913574,139.0
2023-06-08,1963.5999755859375,103.33999633789062,71.29000091552734,4293.93017578125,3.7139999866485596,433.0
2023-06-09,1962.199951171875,103.55999755859375,70.16999816894531,4298.85986328125,3.744999885559082,49.0
2023-06-12,1955.300048828125,103.62999725341797,67.12000274658203,4338.93017578125,3.765000104904175,212.0
2023-06-13,1944.5999755859375,103.33999633789062,69.41999816894531,4369.009765625,3.8389999866485596,343.0
2023-06-14,1955.300048828125,103.01000213623047,68.2699966430664,4372.58984375,3.7960000038146973,202.0
2023-06-15,1957.800048828125,102.12000274658203,70.62000274658203,4425.83984375,3.7279999256134033,329.0
2023-06-16,1958.4000244140625,102.30000305175781,71.77999877929688,4409.58984375,3.7690000534057617,119.0
2023-06-20,1935.5,102.54000091552734,70.5,4388.7099609375,3.7290000915527344,193.0
2023-06-21,1933.300048828125,102.06999969482422,72.52999877929688,4365.68994140625,3.7230000495910645,557.0
2023-06-22,1912.699951171875,102.38999938964844,69.51000213623047,4381.89013671875,3.7990000247955322,237.0
2023-06-23,1919.0999755859375,102.9000015258789,69.16000366210938,4348.330078125,3.739000082015991,105.0
2023-06-26,1923.699951171875,102.69000244140625,69.37000274658203,4328.81982421875,3.7190001010894775,71.0
2023-06-27,1914.0,102.48999786376953,67.69999694824219,4378.41015625,3.7679998874664307,49.0
2023-06-28,1912.300048828125,102.91000366210938,69.55999755859375,4376.85986328125,3.7100000381469727,628.0
2023-06-29,1909.199951171875,103.33999633789062,69.86000061035156,4396.43994140625,3.8540000915527344,289.0
2023-06-30,1921.0999755859375,102.91000366210938,70.63999938964844,4450.3798828125,3.819000005722046,445.0
2023-07-03,1921.699951171875,102.98999786376953,69.79000091552734,4455.58984375,3.8580000400543213,41.0
2023-07-05,1919.5999755859375,103.37000274658203,71.79000091552734,4446.81982421875,3.944999933242798,193.0
2023-07-06,1908.699951171875,103.16999816894531,71.80000305175781,4411.58984375,4.040999889373779,81.0
2023-07-07,1926.199951171875,102.2699966430664,73.86000061035156,4398.9501953125,4.050000190734863,61.0
2023-07-10,1925.0,101.97000122070312,72.98999786376953,4409.52978515625,4.00600004196167,269.0
2023-07-11,1931.300048828125,101.7300033569336,74.83000183105469,4439.259765625,3.9800000190734863,142.0
2023-07-12,1956.199951171875,100.5199966430664,75.75,4472.16015625,3.8610000610351562,132.0
2023-07-13,1959.199951171875,99.7699966430664,76.88999938964844,4510.0400390625,3.760999917984009,121.0
2023-07-14,1960.0999755859375,99.91000366210938,75.41999816894531,4505.419921875,3.819000005722046,94.0
2023-07-17,1952.4000244140625,99.83999633789062,74.1500015258789,4522.7900390625,3.796999931335449,29.0
2023-07-18,1977.199951171875,99.94000244140625,75.75,4554.97998046875,3.7890000343322754,83.0
2023-07-19,1977.5,100.27999877929688,75.3499984741211,4565.72021484375,3.742000102996826,35.0
2023-07-20,1968.300048828125,100.87999725341797,75.62999725341797,4534.8701171875,3.8540000915527344,638.0
2023-07-21,1964.300048828125,101.06999969482422,77.06999969482422,4536.33984375,3.8369998931884766,50.0
2023-07-24,1960.300048828125,101.3499984741211,78.73999786376953,4554.64013671875,3.8570001125335693,2.0
2023-07-25,1962.0999755859375,101.3499984741211,79.62999725341797,4567.4599609375,3.9119999408721924,19.0
2023-07-26,1968.9000244140625,100.88999938964844,78.77999877929688,4566.75,3.8510000705718994,51.0
2023-07-27,1945.4000244140625,101.7699966430664,80.08999633789062,4537.41015625,4.01200008392334,194253.0
2023-07-28,1960.4000244140625,101.62000274658203,80.58000183105469,4582.22998046875,3.9690001010894775,23155.0
2023-07-31,1970.5,101.86000061035156,81.80000305175781,4588.9599609375,3.9590001106262207,1025.0
2023-08-01,1940.699951171875,102.30000305175781,81.37000274658203,4576.72998046875,4.051000118255615,688.0
2023-08-02,1937.4000244140625,102.58999633789062,79.48999786376953,4513.39013671875,4.078000068664551,652.0
2023-08-03,1932.0,102.54000091552734,81.55000305175781,4501.89013671875,4.189000129699707,773.0
2023-08-04,1939.5999755859375,102.0199966430664,82.81999969482422,4478.02978515625,4.059999942779541,290.0
2023-08-07,1933.5,102.05000305175781,81.94000244140625,4518.43994140625,4.078000068664551,376.0
2023-08-08,1924.0999755859375,102.52999877929688,82.91999816894531,4499.3798828125,4.026000022888184,555.0
2023-08-09,1915.4000244140625,102.48999786376953,84.4000015258789,4467.7099609375,4.01200008392334,451.0
2023-08-10,1914.4000244140625,102.5199966430664,82.81999969482422,4468.830078125,4.079999923706055,178.0
2023-08-11,1912.9000244140625,102.83999633789062,83.19000244140625,4464.0498046875,4.168000221252441,57.0
2023-08-14,1910.5999755859375,103.19000244140625,82.51000213623047,4489.72021484375,4.184000015258789,46.0
2023-08-15,1902.5,103.20999908447266,80.98999786376953,4437.85986328125,4.2210001945495605,73.0
2023-08-16,1896.0999755859375,103.41999816894531,79.37999725341797,4404.330078125,4.257999897003174,22.0
2023-08-17,1884.0999755859375,103.44000244140625,80.38999938964844,4370.35986328125,4.308000087738037,245.0
2023-08-18,1886.0999755859375,103.37999725341797,81.25,4369.7099609375,4.250999927520752,19.0
2023-08-21,1893.300048828125,103.33000183105469,80.72000122070312,4399.77001953125,4.3420000076293945,876.0
2023-08-22,1896.4000244140625,103.55999755859375,80.3499984741211,4387.5498046875,4.328000068664551,46.0
2023-08-23,1918.5,103.36000061035156,78.88999938964844,4436.009765625,4.197999954223633,547.0
2023-08-24,1918.199951171875,103.9800033569336,79.05000305175781,4376.31005859375,4.235000133514404,337.0
2023-08-25,1911.0999755859375,104.08000183105469,79.83000183105469,4405.7099609375,4.238999843597412,195.0
2023-08-28,1917.9000244140625,104.05999755859375,80.0999984741211,4433.31005859375,4.211999893188477,99.0
2023-08-29,1936.5,103.55000305175781,81.16000366210938,4497.6298828125,4.122000217437744,1674.0
2023-08-30,1944.300048828125,103.16000366210938,81.62999725341797,4514.8701171875,4.118000030517578,396.0
2023-08-31,1938.199951171875,103.62000274658203,83.62999725341797,4507.66015625,4.0929999351501465,491.0
2023-09-01,1939.800048828125,104.23999786376953,85.55000305175781,4515.77001953125,4.172999858856201,167.0
2023-09-05,1926.199951171875,104.80999755859375,86.69000244140625,4496.830078125,4.26800012588501,113.0
2023-09-06,1918.0999755859375,104.86000061035156,87.54000091552734,4465.47998046875,4.289999961853027,24.0
2023-09-07,1917.5,105.05999755859375,86.87000274658203,4451.14013671875,4.260000228881836,41.0
2023-09-08,1918.4000244140625,105.08999633789062,87.51000213623047,4457.490234375,4.257999897003174,105.0
2023-09-11,1923.300048828125,104.56999969482422,87.29000091552734,4487.4599609375,4.288000106811523,50.0
2023-09-12,1911.300048828125,104.70999908447266,88.83999633789062,4461.89990234375,4.263999938964844,365.0
2023-09-13,1909.0999755859375,104.7699966430664,88.5199966430664,4467.43994140625,4.249000072479248,15.0
2023-09-14,1910.0,105.41000366210938,90.16000366210938,4505.10009765625,4.288000106811523,169.0
2023-09-15,1923.699951171875,105.31999969482422,90.7699966430664,4450.31982421875,4.322000026702881,8.0
2023-09-18,1931.5,105.19999694824219,91.4800033569336,4453.52978515625,4.318999767303467,19.0
2023-09-19,1932.0,105.19999694824219,91.19999694824219,4443.9501953125,4.364999771118164,6.0
2023-09-20,1945.5999755859375,105.16000366210938,90.27999877929688,4402.2001953125,4.348999977111816,119.0
2023-09-21,1919.199951171875,105.36000061035156,89.62999725341797,4330.0,4.480000019073486,9.0
2023-09-22,1925.4000244140625,105.58000183105469,90.02999877929688,4320.06005859375,4.438000202178955,1.0
2023-09-25,1916.5999755859375,106.0,89.68000030517578,4337.43994140625,4.541999816894531,114.0
2023-09-26,1900.4000244140625,106.2300033569336,90.38999938964844,4273.52978515625,4.558000087738037,161.0
2023-09-27,1871.5999755859375,106.66999816894531,93.68000030517578,4274.509765625,4.625999927520752,12251.0
2023-09-28,1860.4000244140625,106.22000122070312,91.70999908447266,4299.7001953125,4.5970001220703125,4654.0
2023-09-29,1848.0999755859375,106.16999816894531,90.79000091552734,4288.0498046875,4.572999954223633,1605.0
2023-10-02,1830.0,106.9000015258789,88.81999969482422,4288.39013671875,4.683000087738037,2309.0
2023-10-03,1824.5999755859375,107.0,89.2300033569336,4229.4501953125,4.802000045776367,310.0
2023-10-04,1818.5,106.80000305175781,84.22000122070312,4263.75,4.735000133514404,357.0
2023-10-05,1816.5999755859375,106.33000183105469,82.30999755859375,4258.18994140625,4.7170000076293945,393.0
2023-10-06,1830.199951171875,106.04000091552734,82.79000091552734,4308.5,4.783999919891357,390.0
2023-10-09,1849.5,106.08000183105469,86.37999725341797,4335.66015625,4.796999931335449,232.0
2023-10-10,1861.0,105.83000183105469,85.97000122070312,4358.240234375,4.65500020980835,236.0
2023-10-11,1872.800048828125,105.81999969482422,83.48999786376953,4376.9501953125,4.59499979019165,65.0
2023-10-12,1869.300048828125,106.56999969482422,82.91000366210938,4349.60986328125,4.711999893188477,46.0
2023-10-13,1927.4000244140625,106.6500015258789,87.69000244140625,4327.77978515625,4.629000186920166,43.0
2023-10-16,1921.0999755859375,106.23999786376953,86.66000366210938,4373.6298828125,4.711999893188477,53.0
2023-10-17,1922.699951171875,106.25,86.66000366210938,4373.2001953125,4.8470001220703125,103.0
2023-10-18,1955.300048828125,106.56999969482422,88.31999969482422,4314.60009765625,4.9039998054504395,67.0
2023-10-19,1968.4000244140625,106.25,89.37000274658203,4278.0,4.98799991607666,1945.0
2023-10-20,1982.5,106.16000366210938,88.75,4224.16015625,4.923999786376953,557.0
2023-10-23,1976.300048828125,105.54000091552734,85.48999786376953,4217.0400390625,4.8379998207092285,127.0
2023-10-24,1975.0,106.2699966430664,83.73999786376953,4247.68017578125,4.840000152587891,10.0
2023-10-25,1984.0999755859375,106.52999877929688,85.38999938964844,4186.77001953125,4.953000068664551,97.0
2023-10-26,1987.199951171875,106.5999984741211,83.20999908447266,4137.22998046875,4.84499979019165,521.0
2023-10-27,1988.5999755859375,106.55999755859375,85.54000091552734,4117.3701171875,4.84499979019165,372.0
2023-10-30,1996.199951171875,106.12000274658203,82.30999755859375,4166.81982421875,4.875,157.0
2023-10-31,1985.199951171875,106.66000366210938,81.0199966430664,4193.7998046875,4.875,84.0
2023-11-01,1978.800048828125,106.87999725341797,80.44000244140625,4237.85986328125,4.789000034332275,41.0
2023-11-02,1985.5999755859375,106.12000274658203,82.45999908447266,4317.77978515625,4.669000148773193,39.0
2023-11-03,1991.5,105.0199966430664,80.51000213623047,4358.33984375,4.558000087738037,12.0
2023-11-06,1981.5999755859375,105.22000122070312,80.81999969482422,4365.97998046875,4.6620001792907715,130.0
2023-11-07,1966.800048828125,105.54000091552734,77.37000274658203,4378.3798828125,4.571000099182129,20.0
2023-11-08,1951.5,105.58999633789062,75.33000183105469,4382.77978515625,4.5229997634887695,43.0
2023-11-09,1964.199951171875,105.91000366210938,75.73999786376953,4347.35009765625,4.630000114440918,10.0
2023-11-10,1932.5999755859375,105.86000061035156,77.16999816894531,4415.240234375,4.627999782562256,375.0
2023-11-13,1945.5,105.66000366210938,78.26000213623047,4411.5498046875,4.631999969482422,191.0
2023-11-14,1961.800048828125,104.11000061035156,78.26000213623047,4495.7001953125,4.440999984741211,2.0
2023-11-15,1960.0999755859375,104.38999938964844,76.66000366210938,4502.8798828125,4.534999847412109,6.0
2023-11-16,1983.9000244140625,104.37000274658203,72.9000015258789,4508.240234375,4.445000171661377,39.0
2023-11-17,1981.5999755859375,103.81999969482422,75.88999938964844,4514.02001953125,4.440999984741211,32.0
2023-11-20,1977.699951171875,103.47000122070312,77.5999984741211,4547.3798828125,4.421999931335449,182.0
2023-11-21,1999.300048828125,103.58999633789062,77.7699966430664,4538.18994140625,4.418000221252441,16.0
2023-11-22,1991.4000244140625,103.91999816894531,77.0999984741211,4556.6201171875,4.415999889373779,6075.0
2023-11-24,2002.199951171875,103.4000015258789,75.54000091552734,4559.33984375,4.4720001220703125,63.0
2023-11-27,2011.800048828125,103.19999694824219,74.86000061035156,4550.43017578125,4.388999938964844,228.0
2023-11-28,2039.699951171875,102.75,76.41000366210938,4554.89013671875,4.335999965667725,174665.0
2023-11-29,2047.0999755859375,102.7699966430664,77.86000061035156,4550.580078125,4.270999908447266,15290.0
2023-11-30,2038.0999755859375,103.5,75.95999908447266,4567.7998046875,4.3520002365112305,2506.0
2023-12-01,2071.0,103.2699966430664,74.06999969482422,4594.6298828125,4.22599983215332,614.0
2023-12-04,2024.0999755859375,103.63999938964844,73.04000091552734,4569.77978515625,4.288000106811523,1071.0
2023-12-05,2018.5,104.05000305175781,72.31999969482422,4567.18017578125,4.171000003814697,289.0
2023-12-06,2030.5,104.1500015258789,69.37999725341797,4549.33984375,4.120999813079834,417.0
2023-12-07,2029.9000244140625,103.54000091552734,69.33999633789062,4585.58984375,4.129000186920166,67.0
2023-12-08,1998.300048828125,104.01000213623047,71.2300033569336,4604.3701171875,4.244999885559082,449.0
2023-12-11,1978.0,104.0999984741211,71.31999969482422,4622.43994140625,4.238999843597412,651.0
2023-12-12,1977.800048828125,103.87000274658203,68.61000061035156,4643.7001953125,4.205999851226807,95.0
2023-12-13,1982.300048828125,102.87000274658203,69.47000122070312,4707.08984375,4.0329999923706055,2252.0
2023-12-14,2030.199951171875,101.95999908447266,71.58000183105469,4719.5498046875,3.930000066757202,236.0
2023-12-15,2021.0999755859375,102.55000305175781,71.43000030517578,4719.18994140625,3.927999973297119,261.0
2023-12-18,2026.300048828125,102.51000213623047,72.47000122070312,4740.56005859375,3.9539999961853027,100.0
2023-12-19,2038.4000244140625,102.16999816894531,73.44000244140625,4768.3701171875,3.921999931335449,498.0
2023-12-20,2034.5,102.41000366210938,74.22000122070312,4698.35009765625,3.877000093460083,258.0
2023-12-21,2039.0999755859375,101.83999633789062,73.88999938964844,4746.75,3.8940000534057617,228.0
2023-12-22,2057.10009765625,101.69999694824219,73.55999755859375,4754.6298828125,3.9010000228881836,202.0
2023-12-26,2058.199951171875,101.47000122070312,75.56999969482422,4774.75,3.885999917984009,64.0
2023-12-27,2081.89990234375,100.98999786376953,74.11000061035156,4781.580078125,3.7890000343322754,586.0
2023-12-28,2073.89990234375,101.2300033569336,71.7699966430664,4783.35009765625,3.8499999046325684,338.0
2023-12-29,2062.39990234375,101.33000183105469,71.6500015258789,4769.830078125,3.865999937057495,47.0
2024-01-02,2064.39990234375,102.19999694824219,70.37999725341797,4742.830078125,3.946000099182129,61.0
2024-01-03,2034.199951171875,102.45999908447266,72.69999694824219,4704.81005859375,3.9070000648498535,54.0
2024-01-04,2042.300048828125,102.41999816894531,72.19000244140625,4688.68017578125,3.990999937057495,88.0
2024-01-05,2042.4000244140625,102.41000366210938,73.80999755859375,4697.240234375,4.041999816894531,12.0
2024-01-08,2026.5999755859375,102.20999908447266,70.7699966430664,4763.5400390625,4.001999855041504,10.0
2024-01-09,2026.4000244140625,102.56999969482422,72.23999786376953,4756.5,4.019000053405762,27.0
2024-01-10,2021.699951171875,102.36000061035156,71.37000274658203,4783.4501953125,4.03000020980835,538.0
2024-01-11,2014.300048828125,102.29000091552734,72.0199966430664,4780.240234375,3.9769999980926514,97.0
2024-01-12,2046.699951171875,102.4000015258789,72.68000030517578,4783.830078125,3.950000047683716,390.0
2024-01-16,2026.0,103.36000061035156,72.4000015258789,4765.97998046875,4.065999984741211,46.0
2024-01-17,2002.5999755859375,103.44999694824219,72.55999755859375,4739.2099609375,4.105999946594238,764.0
2024-01-18,2018.5999755859375,103.54000091552734,74.08000183105469,4780.93994140625,4.144000053405762,1474.0
2024-01-19,2026.5,103.29000091552734,73.41000366210938,4839.81005859375,4.145999908447266,50.0
2024-01-22,2019.800048828125,103.33000183105469,75.19000244140625,4850.43017578125,4.093999862670898,12.0
2024-01-23,2023.699951171875,103.62000274658203,74.37000274658203,4864.60009765625,4.142000198364258,15.0
2024-01-24,2013.9000244140625,103.23999786376953,75.08999633789062,4868.5498046875,4.177999973297119,253.0
2024-01-25,2016.9000244140625,103.56999969482422,77.36000061035156,4894.16015625,4.131999969482422,548.0
2024-01-26,2016.800048828125,103.47000122070312,78.01000213623047,4890.97021484375,4.159999847412109,49.0
2024-01-29,2025.199951171875,103.61000061035156,76.77999877929688,4927.93017578125,4.091000080108643,150708.0
2024-01-30,2031.5,103.4000015258789,77.81999969482422,4924.97021484375,4.059000015258789,26907.0
2024-01-31,2048.39990234375,103.2699966430664,75.8499984741211,4845.64990234375,3.9670000076293945,2007.0
2024-02-01,2053.0,103.05000305175781,73.81999969482422,4906.18994140625,3.86299991607666,947.0
2024-02-02,2036.0999755859375,103.91999816894531,72.27999877929688,4958.60986328125,4.0329999923706055,888.0
2024-02-05,2025.699951171875,104.44999694824219,72.77999877929688,4942.81005859375,4.164000034332275,412.0
2024-02-06,2034.5,104.18000030517578,73.30999755859375,4954.22998046875,4.090000152587891,249.0
2024-02-07,2035.199951171875,104.04000091552734,73.86000061035156,4995.06005859375,4.110000133514404,71.0
2024-02-08,2032.199951171875,104.1500015258789,76.22000122070312,4997.91015625,4.170000076293945,341.0
2024-02-09,2023.300048828125,104.08000183105469,76.83999633789062,5026.60986328125,4.186999797821045,62.0
2024-02-12,2018.199951171875,104.16999816894531,76.91999816894531,5021.83984375,4.171999931335449,317.0
2024-02-13,1992.9000244140625,104.95999908447266,77.87000274658203,4953.169921875,4.315999984741211,198.0
2024-02-14,1990.300048828125,104.72000122070312,76.63999938964844,5000.6201171875,4.267000198364258,1916.0
2024-02-15,2002.0999755859375,104.30000305175781,78.02999877929688,5029.72998046875,4.239999771118164,286.0
2024-02-16,2011.5,104.27999877929688,79.19000244140625,5005.56982421875,4.295000076293945,32.0
2024-02-20,2027.5,104.08000183105469,78.18000030517578,4975.509765625,4.275000095367432,1326.0
2024-02-21,2022.300048828125,104.01000213623047,77.91000366210938,4981.7998046875,4.324999809265137,15.0
2024-02-22,2019.699951171875,103.95999908447266,78.61000061035156,5087.02978515625,4.327000141143799,964.0
2024-02-23,2038.5999755859375,103.94000244140625,76.48999786376953,5088.7998046875,4.260000228881836,22.0
2024-02-26,2028.5,103.83000183105469,77.58000183105469,5069.52978515625,4.298999786376953,143.0
2024-02-27,2034.0,103.83000183105469,78.87000274658203,5078.18017578125,4.315000057220459,964.0
2024-02-28,2033.0,103.9800033569336,78.54000091552734,5069.759765625,4.27400016784668,581.0
2024-02-29,2045.699951171875,104.16000366210938,78.26000213623047,5096.27001953125,4.251999855041504,706.0
2024-03-01,2086.89990234375,103.86000061035156,79.97000122070312,5137.080078125,4.179999828338623,1210.0
2024-03-04,2117.699951171875,103.83000183105469,78.73999786376953,5130.9501953125,4.218999862670898,805.0
2024-03-05,2133.5,103.80000305175781,78.1500015258789,5078.64990234375,4.13700008392334,1287.0
2024-03-06,2150.300048828125,103.37000274658203,79.12999725341797,5104.759765625,4.104000091552734,443.0
2024-03-07,2158.0,102.81999969482422,78.93000030517578,5157.35986328125,4.0920000076293945,152.0
2024-03-08,2178.60009765625,102.73999786376953,78.01000213623047,5123.68994140625,4.089000225067139,259.0
2024-03-11,2182.5,102.87000274658203,77.93000030517578,5117.93994140625,4.104000091552734,738.0
2024-03-12,2160.39990234375,102.95999908447266,77.55999755859375,5175.27001953125,4.15500020980835,550.0
2024-03-13,2175.39990234375,102.79000091552734,79.72000122070312,5165.31005859375,4.191999912261963,20.0
2024-03-14,2163.0,103.36000061035156,81.26000213623047,5150.47998046875,4.297999858856201,515.0
2024-03-15,2157.300048828125,103.43000030517578,81.04000091552734,5117.08984375,4.303999900817871,100.0
2024-03-18,2160.699951171875,103.58000183105469,82.72000122070312,5149.419921875,4.340000152587891,21.0
2024-03-19,2156.300048828125,103.80999755859375,83.47000122070312,5178.509765625,4.296999931335449,12.0
2024-03-20,2157.89990234375,103.41000366210938,81.68000030517578,5224.6201171875,4.2729997634887695,17.0
2024-03-21,2182.39990234375,104.0,81.06999969482422,5241.52978515625,4.270999908447266,63.0
2024-03-22,2158.10009765625,104.43000030517578,80.62999725341797,5234.18017578125,4.2179999351501465,19.0
2024-03-25,2174.800048828125,104.2300033569336,81.94999694824219,5218.18994140625,4.252999782562256,79.0
2024-03-26,2175.60009765625,104.29000091552734,81.62000274658203,5203.580078125,4.234000205993652,202373.0
2024-03-27,2190.60009765625,104.3499984741211,81.3499984741211,5248.490234375,4.196000099182129,31200.0
2024-03-28,2217.39990234375,104.55000305175781,83.16999816894531,5254.35009765625,4.205999851226807,2040.0
2024-04-01,2236.5,105.0199966430664,83.70999908447266,5243.77001953125,4.328999996185303,400.0
2024-04-02,2261.0,104.81999969482422,85.1500015258789,5205.81005859375,4.364999771118164,435.0
2024-04-03,2294.39990234375,104.25,85.43000030517578,5211.490234375,4.355000019073486,285.0
2024-04-04,2288.800048828125,104.12000274658203,86.58999633789062,5147.2099609375,4.309000015258789,251.0
2024-04-05,2325.699951171875,104.30000305175781,86.91000366210938,5204.33984375,4.377999782562256,344.0
2024-04-08,2331.699951171875,104.13999938964844,86.43000030517578,5202.39013671875,4.423999786376953,202.0
2024-04-09,2343.5,104.1500015258789,85.2300033569336,5209.91015625,4.366000175476074,211.0
2024-04-10,2329.60009765625,105.25,86.20999908447266,5160.64013671875,4.559999942779541,377.0
2024-04-11,2354.800048828125,105.27999877929688,85.0199966430664,5199.06005859375,4.576000213623047,283.0
2024-04-12,2356.199951171875,106.04000091552734,85.66000366210938,5123.41015625,4.499000072479248,584.0
2024-04-15,2365.800048828125,106.20999908447266,85.41000366210938,5061.81982421875,4.627999782562256,1801.0
2024-04-16,2390.800048828125,106.26000213623047,85.36000061035156,5051.41015625,4.658999919891357,41.0
2024-04-17,2371.699951171875,105.94999694824219,82.69000244140625,5022.2099609375,4.585000038146973,37.0
2024-04-18,2382.300048828125,106.1500015258789,82.7300033569336,5011.1201171875,4.646999835968018,128.0
2024-04-19,2398.39990234375,106.1500015258789,83.13999938964844,4967.22998046875,4.614999771118164,160.0
2024-04-22,2332.199951171875,106.08000183105469,82.8499984741211,5010.60009765625,4.623000144958496,53.0
2024-04-23,2327.699951171875,105.69000244140625,83.36000061035156,5070.5498046875,4.5980000495910645,171.0
2024-04-24,2324.5,105.86000061035156,82.80999755859375,5071.6298828125,4.6519999504089355,95.0
2024-04-25,2329.800048828125,105.5999984741211,83.56999969482422,5048.419921875,4.705999851226807,1024.0
2024-04-26,2334.800048828125,105.94000244140625,83.8499984741211,5099.9599609375,4.669000148773193,717.0
2024-04-29,2345.39990234375,105.58000183105469,82.62999725341797,5116.169921875,4.613999843597412,405.0
2024-04-30,2291.39990234375,106.22000122070312,81.93000030517578,5035.68994140625,4.685999870300293,113.0
2024-05-01,2299.89990234375,105.76000213623047,79.0,5018.39013671875,4.59499979019165,42.0
2024-05-02,2299.199951171875,105.30000305175781,78.94999694824219,5064.2001953125,4.571000099182129,56.0
2024-05-03,2299.0,105.02999877929688,78.11000061035156,5127.7900390625,4.5,194.0
2024-05-06,2321.60009765625,105.05000305175781,78.4800033569336,5180.740234375,4.488999843597412,9.0
2024-05-07,2315.199951171875,105.41000366210938,78.37999725341797,5187.7001953125,4.4629998207092285,25.0
2024-05-08,2313.60009765625,105.55000305175781,78.98999786376953,5187.669921875,4.492000102996826,4.0
2024-05-09,2332.10009765625,105.2300033569336,79.26000213623047,5214.080078125,4.448999881744385,5.0
2024-05-10,2367.300048828125,105.30999755859375,78.26000213623047,5222.68017578125,4.504000186920166,126.0
2024-05-13,2336.10009765625,105.22000122070312,79.12000274658203,5221.419921875,4.480999946594238,14.0
2024-05-14,2353.39990234375,105.01000213623047,78.0199966430664,5246.68017578125,4.445000171661377,6.0
2024-05-15,2388.699951171875,104.3499984741211,78.62999725341797,5308.14990234375,4.355999946594238,29.0
2024-05-16,2380.0,104.45999908447266,79.2300033569336,5297.10009765625,4.376999855041504,7.0
2024-05-17,2412.199951171875,104.44999694824219,80.05999755859375,5303.27001953125,4.420000076293945,213.0
2024-05-20,2433.89990234375,104.56999969482422,79.80000305175781,5308.1298828125,4.436999797821045,40.0
2024-05-21,2421.699951171875,104.66000366210938,79.26000213623047,5321.41015625,4.414000034332275,6.0
2024-05-22,2389.199951171875,104.94000244140625,77.56999969482422,5307.009765625,4.434000015258789,180.0
2024-05-23,2335.0,105.11000061035156,76.87000274658203,5267.83984375,4.474999904632568,365.0
2024-05-24,2332.5,104.72000122070312,77.72000122070312,5304.72021484375,4.4670000076293945,25.0
2024-05-28,2355.199951171875,104.61000061035156,79.83000183105469,5306.0400390625,4.541999816894531,26.0
2024-05-29,2340.300048828125,105.0999984741211,79.2300033569336,5266.9501953125,4.624000072479248,119317.0
2024-05-30,2342.89990234375,104.72000122070312,77.91000366210938,5235.47998046875,4.553999900817871,32587.0
2024-05-31,2322.89990234375,104.66999816894531,76.98999786376953,5277.509765625,4.513999938964844,941.0
2024-06-03,2346.60009765625,104.13999938964844,74.22000122070312,5283.39990234375,4.4019999504089355,781.0
2024-06-04,2325.5,104.11000061035156,73.25,5291.33984375,4.335999965667725,890.0
2024-06-05,2354.10009765625,104.2699966430664,74.06999969482422,5354.02978515625,4.289000034332275,295.0
2024-06-06,2370.300048828125,104.0999984741211,75.55000305175781,5352.9599609375,4.281000137329102,179.0
2024-06-07,2305.199951171875,104.88999938964844,75.52999877929688,5346.990234375,4.429999828338623,269.0
2024-06-10,2307.699951171875,105.1500015258789,77.73999786376953,5360.7900390625,4.468999862670898,69.0
2024-06-11,2307.5,105.2300033569336,77.9000015258789,5375.31982421875,4.4039998054504395,871.0
2024-06-12,2336.0,104.6500015258789,78.5,5421.02978515625,4.295000076293945,132.0
2024-06-13,2300.199951171875,105.19999694824219,78.62000274658203,5433.740234375,4.23799991607666,298.0
2024-06-14,2331.39990234375,105.55000305175781,78.44999694824219,5431.60009765625,4.2129998207092285,948.0
2024-06-17,2312.39990234375,105.31999969482422,80.33000183105469,5473.22998046875,4.2789998054504395,110.0
2024-06-18,2330.39990234375,105.26000213623047,81.56999969482422,5487.02978515625,4.2170000076293945,43.0
2024-06-20,2353.800048828125,105.58999633789062,82.16999816894531,5473.169921875,4.254000186920166,183.0
2024-06-21,2316.39990234375,105.80000305175781,80.7300033569336,5464.6201171875,4.256999969482422,76.0
2024-06-24,2330.0,105.47000122070312,81.62999725341797,5447.8701171875,4.248000144958496,99.0
2024-06-25,2316.60009765625,105.61000061035156,80.83000183105469,5469.2998046875,4.23799991607666,105.0
2024-06-26,2299.199951171875,106.05000305175781,80.9000015258789,5477.89990234375,4.315999984741211,986.0
2024-06-27,2324.5,105.91000366210938,81.73999786376953,5482.8701171875,4.288000106811523,1532.0
2024-06-28,2327.699951171875,105.87000274658203,81.54000091552734,5460.47998046875,4.3429999351501465,92.0
2024-07-01,2327.60009765625,105.9000015258789,83.37999725341797,5475.08984375,4.479000091552734,237.0
2024-07-02,2323.0,105.72000122070312,82.80999755859375,5509.009765625,4.435999870300293,30.0
2024-07-03,2359.800048828125,105.4000015258789,83.87999725341797,5537.02001953125,4.355000019073486,59.0
2024-07-05,2388.5,104.87999725341797,83.16000366210938,5567.18994140625,4.271999835968018,72.0
2024-07-08,2355.199951171875,105.01000213623047,82.33000183105469,5572.85009765625,4.269000053405762,64.0
2024-07-09,2360.10009765625,105.12000274658203,81.41000366210938,5576.97998046875,4.300000190734863,9.0
2024-07-10,2372.199951171875,105.05000305175781,82.0999984741211,5633.91015625,4.28000020980835,19.0
2024-07-11,2415.0,104.44000244140625,82.62000274658203,5584.5400390625,4.192999839782715,72.0
2024-07-12,2414.0,104.08999633789062,82.20999908447266,5615.35009765625,4.189000129699707,355.0
2024-07-15,2422.89990234375,104.19000244140625,81.91000366210938,5631.22021484375,4.229000091552734,540.0
2024-07-16,2462.39990234375,104.2699966430664,80.76000213623047,5667.2001953125,4.166999816894531,93.0
2024-07-17,2454.800048828125,103.75,82.8499984741211,5588.27001953125,4.145999908447266,10.0
2024-07-18,2451.800048828125,104.16999816894531,82.81999969482422,5544.58984375,4.189000129699707,2.0
2024-07-19,2395.5,104.4000015258789,80.12999725341797,5505.0,4.238999843597412,15.0
2024-07-22,2392.0,104.30999755859375,79.77999877929688,5564.41015625,4.260000228881836,18.0
2024-07-23,2404.60009765625,104.44999694824219,76.95999908447266,5555.740234375,4.238999843597412,41.0
2024-07-24,2413.300048828125,104.38999938964844,77.58999633789062,5427.1298828125,4.285999774932861,6.0
2024-07-25,2351.89990234375,104.36000061035156,78.27999877929688,5399.22021484375,4.25600004196167,31.0
2024-07-26,2380.0,104.31999969482422,77.16000366210938,5459.10009765625,4.199999809265137,95.0
2024-07-29,2377.300048828125,104.55999755859375,75.80999755859375,5463.5400390625,4.177999973297119,126409.0
2024-07-30,2405.0,104.55000305175781,74.7300033569336,5436.43994140625,4.14300012588501,25944.0
2024-07-31,2426.5,104.0999984741211,77.91000366210938,5522.2998046875,4.109000205993652,1313.0
2024-08-01,2435.0,104.41999816894531,76.30999755859375,5446.68017578125,3.9760000705718994,690.0
2024-08-02,2425.699951171875,103.20999908447266,73.5199966430664,5346.56005859375,3.7920000553131104,550.0
2024-08-05,2401.699951171875,102.69000244140625,72.94000244140625,5186.330078125,3.7850000858306885,334.0
2024-08-06,2389.10009765625,102.97000122070312,73.19999694824219,5240.02978515625,3.888000011444092,163.0
2024-08-07,2390.5,103.19999694824219,75.2300033569336,5199.5,3.9679999351501465,130.0
2024-08-08,2422.199951171875,103.20999908447266,76.19000244140625,5319.31005859375,3.996999979019165,201.0
2024-08-09,2432.10009765625,103.13999938964844,76.83999633789062,5344.16015625,3.941999912261963,611.0
2024-08-12,2462.39990234375,103.13999938964844,80.05999755859375,5344.39013671875,3.9089999198913574,566.0
2024-08-13,2466.699951171875,102.55999755859375,78.3499984741211,5434.43017578125,3.8519999980926514,510.0
2024-08-14,2439.39990234375,102.56999969482422,76.9800033569336,5455.2099609375,3.819999933242798,274.0
2024-08-15,2453.10009765625,102.9800033569336,78.16000366210938,5543.22021484375,3.9260001182556152,285.0
2024-08-16,2498.60009765625,102.45999908447266,76.6500015258789,5554.25,3.8919999599456787,197.0
2024-08-19,2501.800048828125,101.88999938964844,74.37000274658203,5608.25,3.867000102996826,88.0
2024-08-20,2511.300048828125,101.44000244140625,74.04000091552734,5597.1201171875,3.818000078201294,187.0
2024-08-21,2508.39990234375,101.04000091552734,71.93000030517578,5620.85009765625,3.7780001163482666,96.0
2024-08-22,2478.89990234375,101.51000213623047,73.01000213623047,5570.64013671875,3.861999988555908,210.0
2024-08-23,2508.39990234375,100.72000122070312,74.83000183105469,5634.60986328125,3.806999921798706,94.0
2024-08-26,2517.699951171875,100.8499984741211,77.41999816894531,5616.83984375,3.818000078201294,290.0
2024-08-27,2516.0,100.55000305175781,75.52999877929688,5625.7998046875,3.8329999446868896,100.0
2024-08-28,2501.0,101.08999633789062,74.5199966430664,5592.18017578125,3.8410000801086426,2353.0
2024-08-29,2525.699951171875,101.33999633789062,75.91000366210938,5591.9599609375,3.867000102996826,3966.0
2024-08-30,2493.800048828125,101.69999694824219,73.55000305175781,5648.39990234375,3.9110000133514404,208.0
2024-09-03,2489.89990234375,101.83000183105469,70.33999633789062,5528.93017578125,3.8440001010894775,206.0
2024-09-04,2493.39990234375,101.36000061035156,69.19999694824219,5520.06982421875,3.7679998874664307,470.0
2024-09-05,2511.39990234375,101.11000061035156,69.1500015258789,5503.41015625,3.7309999465942383,54.0
2024-09-06,2493.5,101.18000030517578,67.66999816894531,5408.419921875,3.7100000381469727,96.0
2024-09-09,2501.800048828125,101.55000305175781,68.70999908447266,5471.0498046875,3.697000026702881,96.0
2024-09-10,2512.300048828125,101.62999725341797,65.75,5495.52001953125,3.6459999084472656,5.0
2024-09-11,2512.10009765625,101.68000030517578,67.30999755859375,5554.1298828125,3.6530001163482666,90.0
2024-09-12,2551.199951171875,101.37000274658203,68.97000122070312,5595.759765625,3.680000066757202,132.0
2024-09-13,2581.300048828125,101.11000061035156,68.6500015258789,5626.02001953125,3.6500000953674316,31.0
2024-09-16,2580.39990234375,100.76000213623047,70.08999633789062,5633.08984375,3.621000051498413,28.0
2024-09-17,2564.300048828125,100.88999938964844,71.19000244140625,5634.580078125,3.6419999599456787,22.0
2024-09-18,2570.699951171875,100.5999984741211,70.91000366210938,5618.259765625,3.684999942779541,25.0
2024-09-19,2588.0,100.61000061035156,71.94999694824219,5713.64013671875,3.740000009536743,99.0
2024-09-20,2619.89990234375,100.72000122070312,71.91999816894531,5702.5498046875,3.7279999256134033,17.0
2024-09-23,2626.5,100.91999816894531,70.37000274658203,5718.56982421875,3.739000082015991,9.0
2024-09-24,2651.199951171875,100.37000274658203,71.55999755859375,5732.93017578125,3.7360000610351562,35.0
2024-09-25,2659.199951171875,100.91999816894531,69.69000244140625,5722.259765625,3.7809998989105225,175.0
2024-09-26,2669.89990234375,100.55999755859375,67.66999816894531,5745.3701171875,3.7909998893737793,17216.0
2024-09-27,2644.300048828125,100.41999816894531,68.18000030517578,5738.169921875,3.749000072479248,4228.0
2024-09-30,2636.10009765625,100.77999877929688,68.16999816894531,5762.47998046875,3.802000045776367,973.0
2024-10-01,2667.300048828125,101.19000244140625,69.83000183105469,5708.75,3.743000030517578,153.0
2024-10-02,2647.10009765625,101.68000030517578,70.0999984741211,5709.5400390625,3.7850000858306885,72.0
2024-10-03,2657.10009765625,101.98999786376953,73.70999908447266,5699.93994140625,3.8499999046325684,354.0
2024-10-04,2645.800048828125,102.5199966430664,74.37999725341797,5751.06982421875,3.9809999465942383,114.0
2024-10-07,2644.800048828125,102.54000091552734,77.13999938964844,5695.93994140625,4.026000022888184,284.0
2024-10-08,2615.0,102.55000305175781,73.56999969482422,5751.1298828125,4.0329999923706055,687.0
2024-10-09,2606.0,102.93000030517578,73.23999786376953,5792.0400390625,4.066999912261963,152.0
2024-10-10,2620.60009765625,102.98999786376953,75.8499984741211,5780.0498046875,4.0960001945495605,320.0
2024-10-11,2657.60009765625,102.88999938964844,75.55999755859375,5815.02978515625,4.072999954223633,12.0
2024-10-14,2647.800048828125,103.30000305175781,73.83000183105469,5859.85009765625,4.0980000495910645,40.0
2024-10-15,2661.39990234375,103.26000213623047,70.58000183105469,5815.259765625,4.038000106811523,39.0
2024-10-16,2674.0,103.58999633789062,70.38999938964844,5842.47021484375,4.015999794006348,6.0
2024-10-17,2691.0,103.83000183105469,70.66999816894531,5841.47021484375,4.0960001945495605,30.0
2024-10-18,2713.699951171875,103.48999786376953,69.22000122070312,5864.669921875,4.072999954223633,29.0
2024-10-21,2723.10009765625,104.01000213623047,70.55999755859375,5853.97998046875,4.182000160217285,52.0
2024-10-22,2744.199951171875,104.08000183105469,72.08999633789062,5851.2001953125,4.203999996185303,93.0
2024-10-23,2714.39990234375,104.43000030517578,70.7699966430664,5797.419921875,4.242000102996826,18.0
2024-10-24,2734.89990234375,104.05999755859375,70.19000244140625,5809.85986328125,4.199999809265137,27.0
2024-10-25,2740.89990234375,104.26000213623047,71.77999877929688,5808.1201171875,4.23199987411499,29.0
2024-10-28,2742.89990234375,104.31999969482422,67.37999725341797,5823.52001953125,4.2779998779296875,56.0
2024-10-29,2768.39990234375,104.27999877929688,67.20999908447266,5832.919921875,4.27400016784668,848.0
2024-10-30,2788.5,103.98999786376953,68.61000061035156,5813.669921875,4.265999794006348,231.0
2024-10-31,2738.300048828125,103.9800033569336,69.26000213623047,5705.4501953125,4.283999919891357,849.0
2024-11-01,2738.60009765625,104.27999877929688,69.48999786376953,5728.7998046875,4.361000061035156,109.0
2024-11-04,2736.10009765625,103.88999938964844,71.47000122070312,5712.68994140625,4.309000015258789,16.0
2024-11-05,2740.300048828125,103.41999816894531,71.98999786376953,5782.759765625,4.289000034332275,23.0
2024-11-06,2667.60009765625,105.08999633789062,71.69000244140625,5929.0400390625,4.426000118255615,427.0
2024-11-07,2698.39990234375,104.51000213623047,72.36000061035156,5973.10009765625,4.341000080108643,676.0
2024-11-08,2687.5,105.0,70.37999725341797,5995.5400390625,4.306000232696533,1038.0
2024-11-11,2611.199951171875,105.54000091552734,68.04000091552734,6001.35009765625,4.308000087738037,20.0
2024-11-12,2600.0,106.0199966430664,68.12000274658203,5983.990234375,4.432000160217285,118.0
2024-11-13,2580.800048828125,106.4800033569336,68.43000030517578,5985.3798828125,4.451000213623047,53.0
2024-11-14,2568.199951171875,106.66999816894531,68.69999694824219,5949.169921875,4.418000221252441,27.0
2024-11-15,2565.699951171875,106.69000244140625,67.0199966430664,5870.6201171875,4.427999973297119,20.0
2024-11-18,2610.60009765625,106.27999877929688,69.16000366210938,5893.6201171875,4.414000034332275,136.0
2024-11-19,2627.10009765625,106.20999908447266,69.38999938964844,5916.97998046875,4.379000186920166,87.0
2024-11-20,2648.199951171875,106.68000030517578,68.87000274658203,5917.10986328125,4.406000137329102,27.0
2024-11-21,2672.10009765625,106.97000122070312,70.0999984741211,5948.7099609375,4.432000160217285,33.0
2024-11-22,2709.89990234375,107.48999786376953,71.23999786376953,5969.33984375,4.409999847412109,41.0
2024-11-25,2616.800048828125,106.81999969482422,68.94000244140625,5987.3701171875,4.264999866485596,94.0
2024-11-26,2620.300048828125,107.01000213623047,68.7699966430664,6021.6298828125,4.302000045776367,177858.0
2024-11-27,2639.89990234375,106.08000183105469,68.72000122070312,5998.740234375,4.242000102996826,61653.0
2024-11-29,2657.0,105.73999786376953,68.0,6032.3798828125,4.177999973297119,3861.0
2024-12-02,2634.89990234375,106.44999694824219,68.0999984741211,6047.14990234375,4.196000099182129,695.0
2024-12-03,2644.699951171875,106.37000274658203,69.94000244140625,6049.8798828125,4.2230000495910645,1062.0
2024-12-04,2653.800048828125,106.33999633789062,68.54000091552734,6086.490234375,4.179999828338623,249.0
2024-12-05,2626.60009765625,105.70999908447266,68.30000305175781,6075.10986328125,4.179999828338623,573.0
2024-12-06,2638.60009765625,105.97000122070312,67.19999694824219,6090.27001953125,4.151000022888184,571.0
2024-12-09,2664.89990234375,106.1500015258789,68.37000274658203,6052.85009765625,4.198999881744385,935.0
2024-12-10,2697.60009765625,106.4000015258789,68.58999633789062,6034.91015625,4.2210001945495605,437.0
2024-12-11,2733.800048828125,106.70999908447266,70.29000091552734,6084.18994140625,4.270999908447266,3387.0
2024-12-12,2687.5,106.95999908447266,70.0199966430664,6051.25,4.323999881744385,2365.0
2024-12-13,2656.0,107.0,71.29000091552734,6051.08984375,4.39900016784668,1125.0
2024-12-16,2651.39990234375,106.86000061035156,70.70999908447266,6074.080078125,4.396999835968018,877.0
2024-12-17,2644.39990234375,106.95999908447266,70.08000183105469,6050.60986328125,4.385000228881836,705.0
2024-12-18,2636.5,108.02999877929688,70.58000183105469,5872.16015625,4.49399995803833,566.0
2024-12-19,2592.199951171875,108.41000366210938,69.91000366210938,5867.080078125,4.570000171661377,238.0
2024-12-20,2628.699951171875,107.62000274658203,69.45999908447266,5930.85009765625,4.52400016784668,592.0
2024-12-23,2612.300048828125,108.04000091552734,69.23999786376953,5974.06982421875,4.598999977111816,451.0
2024-12-24,2620.0,108.26000213623047,70.0999984741211,6040.0400390625,4.591000080108643,35.0
2024-12-26,2638.800048828125,108.12999725341797,69.62000274658203,6037.58984375,4.578999996185303,84.0
2024-12-27,2617.199951171875,108.0,70.5999984741211,5970.83984375,4.61899995803833,642.0
2024-12-30,2606.10009765625,108.12999725341797,70.98999786376953,5906.93994140625,4.545000076293945,794.0
2024-12-31,2629.199951171875,108.48999786376953,71.72000122070312,5881.6298828125,4.572999954223633,401.0
2025-01-02,2658.89990234375,109.38999938964844,73.12999725341797,5868.5498046875,4.574999809265137,1728.0
2025-01-03,2645.0,108.94999694824219,73.95999908447266,5942.47021484375,4.5960001945495605,591.0
2025-01-06,2638.39990234375,108.26000213623047,73.55999755859375,5975.3798828125,4.618000030517578,960.0
2025-01-07,2656.699951171875,108.54000091552734,74.25,5909.02978515625,4.683000087738037,643.0
2025-01-08,2664.5,109.08999633789062,73.31999969482422,5918.25,4.692999839782715,999.0
2025-01-09,2683.800048828125,109.18000030517578,73.91999816894531,5918.25,4.692999839782715,1139.0
2025-01-10,2708.5,109.6500015258789,76.56999969482422,5827.0400390625,4.776000022888184,403.0
2025-01-13,2673.5,109.95999908447266,78.81999969482422,5836.22021484375,4.802999973297119,765.0
2025-01-14,2677.5,109.2699966430664,77.5,5842.91015625,4.788000106811523,794.0
2025-01-15,2712.5,109.08999633789062,80.04000091552734,5949.91015625,4.6529998779296875,930.0
2025-01-16,2746.39990234375,108.95999908447266,78.68000030517578,5937.33984375,4.605999946594238,1721.0
2025-01-17,2744.300048828125,109.3499984741211,77.87999725341797,5996.66015625,4.609000205993652,1214.0
2025-01-21,2755.0,108.05999755859375,75.88999938964844,6049.240234375,4.573999881744385,1439.0
2025-01-22,2767.60009765625,108.16999816894531,75.44000244140625,6086.3701171875,4.598999977111816,2079.0
2025-01-23,2763.10009765625,108.05000305175781,74.62000274658203,6118.7099609375,4.638000011444092,2201.0
2025-01-24,2777.300048828125,107.44000244140625,74.66000366210938,6101.240234375,4.625999927520752,1593.0
2025-01-27,2737.5,107.33999633789062,73.16999816894531,6012.27978515625,4.5279998779296875,984.0
2025-01-28,2766.800048828125,107.87000274658203,73.7699966430664,6067.7001953125,4.551000118255615,2307.0
2025-01-29,2769.10009765625,108.0,72.62000274658203,6039.31005859375,4.554999828338623,125692.0
2025-01-30,2823.0,107.80000305175781,72.7300033569336,6071.169921875,4.51200008392334,40141.0
2025-01-31,2812.5,108.37000274658203,72.52999877929688,6040.52978515625,4.568999767303467,3443.0
2025-02-03,2833.89990234375,108.98999786376953,73.16000366210938,5994.56982421875,4.543000221252441,2649.0
2025-02-04,2853.300048828125,107.95999908447266,72.69999694824219,6037.8798828125,4.513000011444092,2187.0
2025-02-05,2871.60009765625,107.58000183105469,71.02999877929688,6061.47998046875,4.421999931335449,4519.0
2025-02-06,2856.0,107.69000244140625,70.61000061035156,6083.56982421875,4.440000057220459,3116.0
2025-02-07,2867.300048828125,108.04000091552734,71.0,6025.990234375,4.486999988555908,1822.0
2025-02-10,2914.300048828125,108.31999969482422,72.31999969482422,6066.43994140625,4.493000030517578,2237.0
2025-02-11,2912.5,107.95999908447266,73.31999969482422,6068.5,4.5370001792907715,2554.0
2025-02-12,2909.0,107.94000244140625,71.37000274658203,6051.97021484375,4.63700008392334,2504.0
2025-02-13,2925.89990234375,107.30999755859375,71.29000091552734,6115.06982421875,4.525000095367432,4670.0
2025-02-14,2883.60009765625,106.56999969482422,70.73999786376953,6114.6298828125,4.4720001220703125,1992.0
2025-02-18,2931.60009765625,107.05000305175781,71.8499984741211,6129.580078125,4.544000148773193,4010.0
2025-02-19,2919.39990234375,107.16999816894531,72.25,6144.14990234375,4.534999847412109,2630.0
2025-02-20,2940.0,106.33999633789062,72.56999969482422,6117.52001953125,4.5,656.0
2025-02-21,2937.60009765625,106.61000061035156,70.4000015258789,6013.1298828125,4.420000076293945,570.0
2025-02-24,2947.89990234375,106.5999984741211,70.69999694824219,5983.25,4.39300012588501,415.0
2025-02-25,2904.5,106.30999755859375,68.93000030517578,5955.25,4.297999858856201,1854.0
2025-02-26,2916.800048828125,106.41999816894531,68.62000274658203,5956.06005859375,4.249000072479248,2050.0
2025-02-27,2883.199951171875,107.23999786376953,70.3499984741211,5861.56982421875,4.284999847412109,3215.0
2025-02-28,2836.800048828125,107.61000061035156,69.76000213623047,5954.5,4.230999946594238,990.0
2025-03-03,2890.199951171875,106.75,68.37000274658203,5849.72021484375,4.179999828338623,423.0
2025-03-04,2909.60009765625,105.73999786376953,68.26000213623047,5778.14990234375,4.210000038146973,885.0
2025-03-05,2915.300048828125,105.73999786376953,66.30999755859375,5842.6298828125,4.264999866485596,551.0
2025-03-06,2916.60009765625,104.05999755859375,66.36000061035156,5738.52001953125,4.285999774932861,870.0
2025-03-07,2904.699951171875,103.83999633789062,67.04000091552734,5770.2001953125,4.316999912261963,531.0
2025-03-10,2891.0,103.91000366210938,66.02999877929688,5614.56005859375,4.2129998207092285,55.0
2025-03-11,2912.89990234375,103.44000244140625,66.25,5572.06982421875,4.288000106811523,197.0
2025-03-12,2939.10009765625,103.61000061035156,67.68000030517578,5599.2998046875,4.317999839782715,213.0
2025-03-13,2984.300048828125,103.83000183105469,66.55000305175781,5521.52001953125,4.27400016784668,2366.0
2025-03-14,2994.5,103.72000122070312,67.18000030517578,5638.93994140625,4.308000087738037,1800.0
2025-03-17,3000.0,103.37000274658203,67.58000183105469,5675.1201171875,4.306000232696533,214.0
2025-03-18,3035.10009765625,103.23999786376953,66.9000015258789,5614.66015625,4.281000137329102,428.0
2025-03-19,3035.89990234375,103.43000030517578,67.16000366210938,5675.2900390625,4.25600004196167,175.0
2025-03-20,3040.0,103.8499984741211,68.26000213623047,5662.89013671875,4.232999801635742,185.0
2025-03-21,3018.199951171875,104.08999633789062,68.27999877929688,5667.56005859375,4.251999855041504,151.0
2025-03-24,3013.10009765625,104.26000213623047,69.11000061035156,5767.56982421875,4.330999851226807,137.0
2025-03-25,3023.699951171875,104.18000030517578,69.0,5776.64990234375,4.307000160217285,74.0
2025-03-26,3020.89990234375,104.55000305175781,69.6500015258789,5712.2001953125,4.3379998207092285,83.0
2025-03-27,3060.199951171875,104.06999969482422,69.91999816894531,5693.31005859375,4.36899995803833,124359.0
2025-03-28,3086.5,104.04000091552734,69.36000061035156,5580.93994140625,4.255000114440918,31206.0
2025-03-31,3122.800048828125,104.20999908447266,71.4800033569336,5611.85009765625,4.245999813079834,3438.0
2025-04-01,3118.89990234375,104.26000213623047,71.19999694824219,5633.06982421875,4.156000137329102,1721.0
2025-04-02,3139.89990234375,103.80999755859375,71.70999908447266,5670.97021484375,4.196000099182129,5946.0
2025-04-03,3097.0,102.06999969482422,66.94999694824219,5396.52001953125,4.054999828338623,5516.0
2025-04-04,3012.0,103.0199966430664,61.9900016784668,5074.080078125,3.984999895095825,3247.0
2025-04-07,2951.300048828125,103.26000213623047,60.70000076293945,5062.25,4.15500020980835,4424.0
2025-04-08,2968.39990234375,102.95999908447266,59.58000183105469,4982.77001953125,4.26200008392334,3213.0
2025-04-09,3056.5,102.9000015258789,62.349998474121094,5456.89990234375,4.400000095367432,2175.0
2025-04-10,3155.199951171875,100.87000274658203,60.06999969482422,5268.0498046875,4.394000053405762,3456.0
2025-04-11,3222.199951171875,99.77999877929688,61.5,5363.35986328125,4.493000030517578,862.0
2025-04-14,3204.800048828125,99.63999938964844,61.529998779296875,5405.97021484375,4.363999843597412,263.0
2025-04-15,3218.699951171875,100.22000122070312,61.33000183105469,5396.6298828125,4.322999954223633,390.0
2025-04-16,3326.60009765625,99.37999725341797,62.470001220703125,5275.7001953125,4.2789998054504395,1874.0
2025-04-17,3308.699951171875,99.37999725341797,64.68000030517578,5282.7001953125,4.333000183105469,824.0
2025-04-21,3406.199951171875,98.27999877929688,63.08000183105469,5158.2001953125,4.40500020980835,78.0
2025-04-22,3400.800048828125,98.91999816894531,64.30999755859375,5287.759765625,4.388999938964844,785.0
2025-04-23,3276.300048828125,99.83999633789062,62.27000045776367,5375.85986328125,4.38700008392334,331.0
2025-04-24,3332.0,99.29000091552734,62.790000915527344,5484.77001953125,4.304999828338623,560.0
2025-04-25,3282.39990234375,99.47000122070312,63.02000045776367,5525.2099609375,4.265999794006348,162.0
2025-04-28,3332.5,99.01000213623047,62.04999923706055,5528.75,4.216000080108643,1300.0
2025-04-29,3318.800048828125,99.23999786376953,60.41999816894531,5560.830078125,4.172999858856201,1278.0
2025-04-30,3305.0,99.47000122070312,58.209999084472656,5569.06005859375,4.177000045776367,207.0
2025-05-01,3210.0,100.25,59.2400016784668,5604.14013671875,4.230999946594238,2131.0
2025-05-02,3231.89990234375,100.0,58.290000915527344,5686.669921875,4.322000026702881,1349.0
2025-05-05,3311.300048828125,99.83000183105469,57.130001068115234,5650.3798828125,4.3429999351501465,244.0
2025-05-06,3411.39990234375,99.23999786376953,59.09000015258789,5606.91015625,4.308000087738037,2357.0
2025-05-07,3381.39990234375,99.61000061035156,58.06999969482422,5631.27978515625,4.275000095367432,1080.0
2025-05-08,3296.60009765625,100.63999938964844,59.90999984741211,5663.93994140625,4.373000144958496,200.0
2025-05-09,3335.39990234375,100.33999633789062,61.02000045776367,5659.91015625,4.375,216.0
2025-05-12,3220.0,101.79000091552734,61.95000076293945,5844.18994140625,4.456999778747559,886.0
2025-05-13,3240.300048828125,101.0,63.66999816894531,5886.5498046875,4.499000072479248,2424.0
2025-05-14,3181.39990234375,101.04000091552734,63.150001525878906,5892.580078125,4.5279998779296875,3518.0
2025-05-15,3220.699951171875,100.87999725341797,61.619998931884766,5916.93017578125,4.454999923706055,652.0
2025-05-16,3182.0,101.08999633789062,62.4900016784668,5958.3798828125,4.440999984741211,199.0
2025-05-19,3228.89990234375,100.43000030517578,62.689998626708984,5963.60009765625,4.474999904632568,266.0
2025-05-20,3280.300048828125,100.12000274658203,62.560001373291016,5940.4599609375,4.480999946594238,356.0
2025-05-21,3309.300048828125,99.55999755859375,61.56999969482422,5844.60986328125,4.5960001945495605,979.0
2025-05-22,3292.300048828125,99.95999908447266,61.20000076293945,5842.009765625,4.552999973297119,1210.0
2025-05-23,3363.60009765625,99.11000061035156,61.529998779296875,5802.81982421875,4.508999824523926,47.0
2025-05-26,3363.60009765625,98.93000030517578,61.529998779296875,5802.81982421875,4.508999824523926,47.0
2025-05-27,3299.10009765625,99.5199966430664,60.88999938964844,5921.5400390625,4.434000015258789,189.0
2025-05-28,3293.60009765625,99.87999725341797,61.84000015258789,5888.5498046875,4.4770002365112305,127758.0
2025-05-29,3317.10009765625,99.27999877929688,60.939998626708984,5912.169921875,4.423999786376953,24370.0
2025-05-30,3288.89990234375,99.33000183105469,60.790000915527344,5911.68994140625,4.415999889373779,2213.0
2025-06-02,3370.60009765625,98.69999694824219,62.52000045776367,5935.93994140625,4.461999893188477,976.0
2025-06-03,3350.199951171875,99.25,63.40999984741211,5970.3701171875,4.460000038146973,6410.0
2025-06-04,3373.5,98.79000091552734,62.849998474121094,5970.81005859375,4.364999771118164,207.0
2025-06-05,3350.699951171875,98.73999786376953,63.369998931884766,5939.2998046875,4.394000053405762,731.0
2025-06-06,3322.699951171875,99.19000244140625,64.58000183105469,6000.35986328125,4.510000228881836,81.0
2025-06-09,3332.10009765625,98.94000244140625,65.29000091552734,6005.8798828125,4.48199987411499,1887.0
2025-06-10,3320.89990234375,99.05000305175781,64.9800033569336,6038.81005859375,4.473999977111816,65.0
2025-06-11,3321.300048828125,98.62999725341797,68.1500015258789,6022.240234375,4.4120001792907715,2106.0
2025-06-12,3380.89990234375,97.91999816894531,68.04000091552734,6045.259765625,4.35699987411499,1818.0
2025-06-13,3431.199951171875,98.18000030517578,72.9800033569336,5976.97021484375,4.423999786376953,499.0
2025-06-16,3396.39990234375,98.0,71.7699966430664,6033.10986328125,4.452000141143799,480.0
2025-06-17,3386.60009765625,98.81999969482422,74.83999633789062,5982.72021484375,4.39300012588501,1477.0
2025-06-18,3389.800048828125,98.91000366210938,75.13999938964844,5980.8701171875,4.396999835968018,0.0
2025-06-20,3368.10009765625,98.70999908447266,74.93000030517578,5967.83984375,4.375,709.0
2025-06-23,3377.699951171875,98.41999816894531,68.51000213623047,6025.169921875,4.320000171661377,30.0
2025-06-24,3317.39990234375,97.86000061035156,64.37000274658203,6092.18017578125,4.293000221252441,538.0
2025-06-25,3327.10009765625,97.68000030517578,64.91999816894531,6092.16015625,4.293000221252441,373.0
2025-06-26,3333.5,97.1500015258789,65.23999786376953,6141.02001953125,4.252999782562256,2058.0
2025-06-27,3273.699951171875,97.4000015258789,65.5199966430664,6173.06982421875,4.2829999923706055,284.0
2025-06-30,3294.39990234375,96.87999725341797,65.11000061035156,6204.9501953125,4.230000019073486,1242.0
2025-07-01,3336.699951171875,96.81999969482422,65.44999694824219,6198.009765625,4.250999927520752,371.0
2025-07-02,3348.0,96.77999877929688,67.44999694824219,6227.419921875,4.293000221252441,39.0
2025-07-03,3331.60009765625,97.18000030517578,67.0,6279.35009765625,4.3480000495910645,0.0
2025-07-04,3332.5,97.18000030517578,66.5,6279.35009765625,4.3480000495910645,0.0
2025-07-07,3332.199951171875,97.4800033569336,67.93000030517578,6229.97998046875,4.394999980926514,254.0
2025-07-08,3307.0,97.51000213623047,68.33000183105469,6225.52001953125,4.414999961853027,909.0
2025-07-09,3311.60009765625,97.47000122070312,68.37999725341797,6263.259765625,4.3420000076293945,114.0
2025-07-10,3317.39990234375,97.6500015258789,66.56999969482422,6280.4599609375,4.3460001945495605,209.0
2025-07-11,3356.0,97.8499984741211,68.44999694824219,6259.75,4.422999858856201,776.0
2025-07-14,3351.5,98.08000183105469,66.9800033569336,6268.56005859375,4.427000045776367,583.0
2025-07-15,3329.800048828125,98.62000274658203,66.5199966430664,6243.759765625,4.488999843597412,210.0
2025-07-16,3352.5,98.38999938964844,66.37999725341797,6263.7001953125,4.454999923706055,10.0
2025-07-17,3340.10009765625,98.7300033569336,67.54000091552734,6297.35986328125,4.4629998207092285,667.0
2025-07-18,3353.0,98.4800033569336,67.33999633789062,6296.7900390625,4.432000160217285,602.0
2025-07-21,3401.89990234375,97.8499984741211,67.19999694824219,6305.60009765625,4.372000217437744,53.0
2025-07-22,3439.199951171875,97.38999938964844,66.20999908447266,6309.6201171875,4.335999965667725,39.0
2025-07-23,3394.10009765625,97.20999908447266,65.25,6358.91015625,4.388000011444092,63.0
2025-07-24,3371.0,97.37999725341797,66.02999877929688,6363.35009765625,4.4079999923706055,1175.0
2025-07-25,3334.0,97.6500015258789,65.16000366210938,6388.64013671875,4.386000156402588,67.0
2025-07-28,3309.10009765625,98.66000366210938,66.70999908447266,6389.77001953125,4.420000076293945,533.0
2025-07-29,3323.39990234375,98.91000366210938,69.20999908447266,6370.85986328125,4.329999923706055,113144.0
2025-07-30,3295.800048828125,99.94000244140625,70.0,6362.89990234375,4.375999927520752,19252.0
2025-07-31,3293.199951171875,100.02999877929688,69.26000213623047,6339.39013671875,4.360000133514404,3704.0
2025-08-01,3347.699951171875,98.69000244140625,67.33000183105469,6238.009765625,4.21999979019165,3420.0
2025-08-04,3374.39990234375,98.77999877929688,66.29000091552734,6329.93994140625,4.199999809265137,351.0
2025-08-05,3381.89990234375,98.77999877929688,65.16000366210938,6299.18994140625,4.196000099182129,915.0
2025-08-06,3380.0,98.18000030517578,64.3499984741211,6345.06005859375,4.21999979019165,1492.0
2025-08-07,3400.300048828125,98.4000015258789,63.880001068115234,6340.0,4.24399995803833,5464.0
2025-08-08,3439.10009765625,98.18000030517578,63.880001068115234,6389.4501953125,4.284999847412109,7657.0
2025-08-11,3353.10009765625,98.5199966430664,63.959999084472656,6373.4501953125,4.2729997634887695,1488.0
2025-08-12,3348.89990234375,98.0999984741211,63.16999816894531,6445.759765625,4.293000221252441,1611.0
2025-08-13,3358.699951171875,97.83999633789062,62.650001525878906,6466.580078125,4.23799991607666,1011.0
2025-08-14,3335.199951171875,98.25,63.959999084472656,6468.5400390625,4.293000221252441,592.0
2025-08-15,3336.0,97.8499984741211,62.79999923706055,6449.7998046875,4.328000068664551,1185.0
2025-08-18,3331.699951171875,98.16999816894531,63.41999816894531,6449.14990234375,4.341000080108643,646.0
2025-08-19,3313.39990234375,98.2699966430664,62.349998474121094,6411.3701171875,4.302000045776367,1655.0
2025-08-20,3343.39990234375,98.22000122070312,63.209999084472656,6395.77978515625,4.296000003814697,1213.0
2025-08-21,3336.89990234375,98.62000274658203,63.52000045776367,6370.169921875,4.329999923706055,142.0
2025-08-22,3374.39990234375,97.72000122070312,63.65999984741211,6466.91015625,4.260000228881836,1240.0
2025-08-25,3373.800048828125,98.43000030517578,64.80000305175781,6439.31982421875,4.275000095367432,1044.0
2025-08-26,3388.60009765625,98.2300033569336,63.25,6465.93994140625,4.257999897003174,905.0
2025-08-27,3404.60009765625,98.2300033569336,64.1500015258789,6481.39990234375,4.23799991607666,3222.0
2025-08-28,3431.800048828125,97.80999755859375,64.5999984741211,6501.85986328125,4.206999778747559,1035.0
2025-08-29,3473.699951171875,97.7699966430664,64.01000213623047,6460.259765625,4.2270002365112305,0.0
2025-09-02,3549.39990234375,98.4000015258789,65.58999633789062,6415.5400390625,4.2769999504089355,658.0
2025-09-03,3593.199951171875,98.13999938964844,63.970001220703125,6448.259765625,4.210999965667725,72.0
2025-09-04,3565.800048828125,98.3499984741211,63.47999954223633,6502.080078125,4.176000118255615,237.0
2025-09-05,3613.199951171875,97.7699966430664,61.869998931884766,6481.5,4.085999965667725,925.0
2025-09-08,3638.10009765625,97.44999694824219,62.2599983215332,6495.14990234375,4.046000003814697,97.0
2025-09-09,3643.300048828125,97.79000091552734,62.630001068115234,6512.60986328125,4.073999881744385,535.0
2025-09-10,3643.60009765625,97.77999877929688,63.66999816894531,6532.0400390625,4.0320000648498535,136.0
2025-09-11,3636.89990234375,97.54000091552734,62.369998931884766,6587.47021484375,4.011000156402588,307.0
2025-09-12,3649.39990234375,97.55000305175781,62.689998626708984,6584.2900390625,4.060999870300293,1300.0
2025-09-15,3682.199951171875,97.30000305175781,63.29999923706055,6615.27978515625,4.033999919891357,210.0
2025-09-16,3688.89990234375,96.62999725341797,64.5199966430664,6606.759765625,4.026000022888184,373.0
2025-09-17,3681.800048828125,96.87000274658203,64.05000305175781,6600.35009765625,4.076000213623047,183.0
2025-09-18,3643.699951171875,97.3499984741211,63.56999969482422,6631.9599609375,4.104000091552734,80.0
2025-09-19,3671.5,97.63999938964844,62.68000030517578,6664.35986328125,4.138999938964844,211.0
2025-09-22,3740.699951171875,97.33000183105469,62.63999938964844,6693.75,4.14300012588501,410.0
2025-09-23,3780.60009765625,97.26000213623047,63.40999984741211,6656.919921875,4.119999885559082,627.0
2025-09-24,3732.10009765625,97.87000274658203,64.98999786376953,6637.97021484375,4.146999835968018,588.0
2025-09-25,3736.89990234375,98.55000305175781,64.9800033569336,6604.72021484375,4.171999931335449,1899.0
2025-09-26,3775.300048828125,98.1500015258789,65.72000122070312,6643.7001953125,4.186999797821045,19308.0
2025-09-29,3820.89990234375,97.91000366210938,63.45000076293945,6661.2099609375,4.140999794006348,8860.0
2025-09-30,3840.800048828125,97.7699966430664,62.369998931884766,6688.4599609375,4.1479997634887695,1611.0
2025-10-01,3867.5,97.70999908447266,61.779998779296875,6711.2001953125,4.105999946594238,1778.0
2025-10-02,3839.699951171875,97.8499984741211,60.47999954223633,6715.35009765625,4.0879998207092285,3418.0
2025-10-03,3880.800048828125,97.72000122070312,60.880001068115234,6715.7900390625,4.11899995803833,392.0
2025-10-06,3948.5,98.11000061035156,61.689998626708984,6740.27978515625,4.1620001792907715,1267.0
2025-10-07,3976.60009765625,98.58000183105469,61.72999954223633,6714.58984375,4.126999855041504,2903.0
2025-10-08,4043.300048828125,98.8499984741211,62.54999923706055,6753.72021484375,4.129000186920166,2179.0
2025-10-09,3946.300048828125,99.54000091552734,61.5099983215332,6735.10986328125,4.1479997634887695,3130.0
2025-10-10,3975.89990234375,98.9800033569336,58.900001525878906,6552.509765625,4.051000118255615,1697.0
2025-10-13,4108.60009765625,99.2699966430664,59.4900016784668,6654.72021484375,4.051000118255615,1697.0
2025-10-14,4138.7001953125,99.05000305175781,58.70000076293945,6644.31005859375,4.021999835968018,2424.0
2025-10-15,4176.89990234375,98.79000091552734,58.27000045776367,6671.06005859375,4.046000003814697,3287.0
2025-10-16,4280.2001953125,98.38999938964844,57.459999084472656,6629.06982421875,3.9760000705718994,4705.0
2025-10-17,4189.89990234375,98.43000030517578,57.540000915527344,6664.009765625,4.006999969482422,4060.0
2025-10-20,4336.39990234375,98.58999633789062,57.52000045776367,6735.1298828125,3.9860000610351562,1750.0
2025-10-21,4087.699951171875,98.93000030517578,57.81999969482422,6735.35009765625,3.9630000591278076,2943.0
2025-10-22,4044.39990234375,98.9000015258789,58.5,6699.39990234375,3.953000068664551,1237.0
2025-10-23,4125.5,98.94000244140625,61.790000915527344,6738.43994140625,3.990999937057495,354.0
2025-10-24,4118.39990234375,98.94999694824219,61.5,6791.68994140625,3.996999979019165,123.0
2025-10-27,4001.89990234375,98.77999877929688,61.310001373291016,6875.16015625,3.996999979019165,220.0
2025-10-28,3966.199951171875,98.69000244140625,60.150001525878906,6890.89013671875,3.9830000400543213,219.0
2025-10-29,3983.699951171875,99.22000122070312,60.47999954223633,6890.58984375,4.058000087738037,1344.0
2025-10-30,4001.300048828125,99.52999877929688,60.56999969482422,6822.33984375,4.0929999351501465,935.0
2025-10-31,3982.199951171875,99.80000305175781,60.97999954223633,6840.2001953125,4.10099983215332,559.0
2025-11-03,4000.300048828125,99.87000274658203,61.04999923706055,6851.97021484375,4.105999946594238,0.0
2025-11-04,3947.699951171875,100.22000122070312,60.560001373291016,6771.5498046875,4.089000225067139,657.0
2025-11-05,3980.300048828125,100.19999694824219,59.599998474121094,6796.2900390625,4.1570000648498535,559.0
2025-11-06,3979.89990234375,99.7300033569336,59.43000030517578,6720.31982421875,4.0929999351501465,650.0
2025-11-07,3999.39990234375,99.5999984741211,59.75,6728.7998046875,4.0929999351501465,245.0
2025-11-10,4111.7998046875,99.62000274658203,60.130001068115234,6832.43017578125,4.110000133514404,189.0
2025-11-11,4106.7998046875,99.45999908447266,61.040000915527344,6846.60986328125,4.119999885559082,569.0
2025-11-12,4204.39990234375,99.4800033569336,58.4900016784668,6850.919921875,4.065000057220459,396.0
2025-11-13,4186.89990234375,99.18000030517578,58.689998626708984,6737.490234375,4.111999988555908,167.0
2025-11-14,4087.60009765625,99.2699966430664,60.09000015258789,6734.10986328125,4.1479997634887695,483.0
2025-11-17,4068.300048828125,99.58999633789062,59.90999984741211,6672.41015625,4.132999897003174,1552.0
2025-11-18,4061.300048828125,99.55000305175781,60.7400016784668,6617.31982421875,4.123000144958496,1375.0
2025-11-19,4077.699951171875,100.2300033569336,59.439998626708984,6642.16015625,4.132999897003174,486.0
2025-11-20,4056.5,100.16000366210938,59.13999938964844,6538.759765625,4.105999946594238,202.0
2025-11-21,4076.699951171875,100.18000030517578,58.060001373291016,6602.990234375,4.063000202178955,171.0
2025-11-24,4091.89990234375,100.13999938964844,58.84000015258789,6705.1201171875,4.038000106811523,591.0
2025-11-25,4139.2001953125,99.66000366210938,57.95000076293945,6765.8798828125,4.001999855041504,132704.0
2025-11-26,4165.2001953125,99.5999984741211,58.650001525878906,6812.60986328125,3.997999906539917,25088.0
2025-11-28,4218.2998046875,99.45999908447266,58.54999923706055,6849.08984375,4.017000198364258,3615.0
2025-12-01,4239.2998046875,99.41000366210938,59.31999969482422,6812.6298828125,4.0960001945495605,913.0
2025-12-02,4186.60009765625,99.36000061035156,58.63999938964844,6829.3701171875,4.085999965667725,366.0
2025-12-03,4199.2998046875,98.8499984741211,58.95000076293945,6849.72021484375,4.057000160217285,1897.0
2025-12-04,4211.7998046875,98.98999786376953,59.66999816894531,6857.1201171875,4.107999801635742,616.0
2025-12-05,4212.89990234375,98.98999786376953,60.08000183105469,6870.39990234375,4.138999938964844,533.0
2025-12-08,4187.2001953125,99.08999633789062,58.880001068115234,6846.509765625,4.171999931335449,318.0
2025-12-09,4206.7001953125,99.22000122070312,58.25,6840.509765625,4.185999870300293,660.0
2025-12-10,4196.39990234375,98.79000091552734,58.459999084472656,6886.68017578125,4.164000034332275,692.0
2025-12-11,4285.5,98.3499984741211,57.599998474121094,6901.0,4.140999794006348,528.0
2025-12-12,4300.10009765625,98.4000015258789,57.439998626708984,6827.41015625,4.193999767303467,1531.0
2025-12-15,4306.7001953125,98.1500015258789,56.81999969482422,6816.509765625,4.182000160217285,854.0
2025-12-16,4304.5,98.1500015258789,55.27000045776367,6800.259765625,4.14900016784668,1796.0
2025-12-17,4347.5,98.37000274658203,55.939998626708984,6721.43017578125,4.151000022888184,2169.0
2025-12-18,4339.5,98.43000030517578,56.150001525878906,6774.759765625,4.116000175476074,705.0
2025-12-19,4361.39990234375,98.5999984741211,56.65999984741211,6834.5,4.151000022888184,1065.0
2025-12-22,4444.60009765625,98.29000091552734,58.0099983215332,6878.490234375,4.169000148773193,449.0
2025-12-23,4482.7998046875,97.94000244140625,58.380001068115234,6909.7900390625,4.169000148773193,694.0
2025-12-24,4480.60009765625,97.9800033569336,58.349998474121094,6932.0498046875,4.136000156402588,500.0
2025-12-26,4529.10009765625,98.0199966430664,56.7400016784668,6929.93994140625,4.136000156402588,263.0
2025-12-29,4325.10009765625,98.04000091552734,58.08000183105469,6905.740234375,4.116000175476074,2044.0
2025-12-30,4370.10009765625,98.23999786376953,57.95000076293945,6896.240234375,4.130000114440918,1837.0
2025-12-31,4325.60009765625,98.27999877929688,57.41999816894531,6845.5,4.163000106811523,785.0
2026-01-02,4314.39990234375,98.41999816894531,57.31999969482422,6858.47021484375,4.186999797821045,589.0
2026-01-05,4436.89990234375,98.2699966430664,58.31999969482422,6902.0498046875,4.164999961853027,618.0
2026-01-06,4482.2001953125,98.58000183105469,57.130001068115234,6944.81982421875,4.178999900817871,459.0
2026-01-07,4449.2998046875,98.68000030517578,55.9900016784668,6920.93017578125,4.138000011444092,972.0
2026-01-08,4449.7001953125,98.93000030517578,57.7599983215332,6921.4599609375,4.183000087738037,2423.0
2026-01-09,4490.2998046875,99.12999725341797,59.119998931884766,6966.27978515625,4.171000003814697,237.0
2026-01-12,4604.2998046875,98.86000061035156,59.5,6977.27001953125,4.186999797821045,156.0
2026-01-13,4589.2001953125,99.12999725341797,61.150001525878906,6963.740234375,4.171000003814697,239.0
2026-01-14,4626.2998046875,99.12999725341797,62.02000045776367,6926.60009765625,4.139999866485596,1313.0
2026-01-15,4616.2998046875,99.31999969482422,59.189998626708984,6944.47021484375,4.159999847412109,4358.0
2026-01-16,4588.39990234375,99.38999938964844,59.439998626708984,6940.009765625,4.230999946594238,352.0
2026-01-20,4759.60009765625,98.63999938964844,60.34000015258789,6796.85986328125,4.295000076293945,175.0
2026-01-21,4831.7998046875,98.76000213623047,60.619998931884766,6875.6201171875,4.252999782562256,1706.0
2026-01-22,4908.7998046875,98.36000061035156,59.36000061035156,6913.35009765625,4.249000072479248,1175.0
2026-01-23,4976.2001953125,97.5999984741211,61.06999969482422,6915.60986328125,4.238999843597412,169.0
2026-01-26,5079.7001953125,97.04000091552734,60.630001068115234,6950.22998046875,4.2129998207092285,180.0
2026-01-27,5079.89990234375,96.22000122070312,62.38999938964844,6978.60009765625,4.2230000495910645,34.0
2026-01-28,5301.60009765625,96.44999694824219,63.209999084472656,6978.02978515625,4.250999927520752,112054.0
2026-01-29,5318.39990234375,96.27999877929688,65.41999816894531,6969.009765625,4.2270002365112305,23709.0
2026-01-30,4713.89990234375,96.98999786376953,65.20999908447266,6939.02978515625,4.241000175476074,8374.0
2026-02-02,4622.5,97.61000061035156,62.13999938964844,6976.43994140625,4.275000095367432,3588.0
2026-02-03,4903.7001953125,97.44000244140625,63.209999084472656,6917.81005859375,4.27400016784668,1213.0
2026-02-04,4920.39990234375,97.62000274658203,65.13999938964844,6882.72021484375,4.275000095367432,3886.0
2026-02-05,4861.39990234375,97.81999969482422,63.290000915527344,6798.39990234375,4.210000038146973,793.0
2026-02-06,4951.2001953125,97.62999725341797,63.54999923706055,6932.2998046875,4.205999851226807,1386.0
2026-02-09,5050.89990234375,96.81999969482422,64.36000061035156,6964.81982421875,4.197999954223633,170.0
2026-02-10,5003.7998046875,96.80000305175781,63.959999084472656,6941.81005859375,4.146999835968018,281.0
2026-02-11,5071.60009765625,96.83000183105469,64.62999725341797,6941.47021484375,4.171999931335449,2681.0
2026-02-12,4923.7001953125,96.93000030517578,62.84000015258789,6832.759765625,4.104000091552734,484.0
2026-02-13,5022.0,96.87999725341797,62.88999938964844,6836.169921875,4.056000232696533,232.0
2026-02-17,4882.89990234375,97.16000366210938,62.33000183105469,6843.22021484375,4.052000045776367,540.0
2026-02-18,4986.5,97.69999694824219,65.19000244140625,6881.31005859375,4.078999996185303,544.0
2026-02-19,4975.89990234375,97.93000030517578,66.43000030517578,6861.89013671875,4.074999809265137,37.0
2026-02-20,5059.2998046875,97.80000305175781,66.38999938964844,6909.509765625,4.085999965667725,134.0
2026-02-23,5204.7001953125,97.69999694824219,66.30999755859375,6837.75,4.0289998054504395,779.0
2026-02-24,5155.7998046875,97.87999725341797,65.62999725341797,6890.06982421875,4.0329999923706055,88.0
2026-02-25,5206.39990234375,97.69999694824219,65.41999816894531,6946.1298828125,4.047999858856201,1772.0
2026-02-26,5176.5,97.79000091552734,65.20999908447266,6908.85986328125,4.017000198364258,1520.0
2026-02-27,5230.5,97.61000061035156,67.0199966430664,6878.8798828125,3.9619998931884766,354.0
2026-03-02,5294.39990234375,98.37999725341797,71.2300033569336,6881.6201171875,4.047999858856201,72.0
2026-03-03,5107.39990234375,99.05000305175781,74.55999755859375,6816.6298828125,4.056000232696533,1776.0
2026-03-04,5120.2001953125,98.7699966430664,74.66000366210938,6869.5,4.079999923706055,679.0
2026-03-05,5065.2998046875,99.31999969482422,81.01000213623047,6830.7099609375,4.145999908447266,1701.0
2026-03-06,5146.10009765625,98.98999786376953,90.9000015258789,6740.02001953125,4.132999897003174,148.0
2026-03-09,5091.5,99.18000030517578,94.7699966430664,6795.990234375,4.136000156402588,639.0
2026-03-10,5229.7001953125,98.83000183105469,83.44999694824219,6781.47998046875,4.136000156402588,4300.0
2026-03-11,5167.39990234375,99.2300033569336,87.25,6775.7998046875,4.208000183105469,633.0
2026-03-12,5115.7998046875,99.73999786376953,95.7300033569336,6672.6201171875,4.2729997634887695,410.0
2026-03-13,5052.5,100.36000061035156,98.70999908447266,6632.18994140625,4.284999847412109,479.0
2026-03-16,4994.0,99.70999908447266,93.5,6699.3798828125,4.21999979019165,130.0
2026-03-17,5001.0,99.58000183105469,96.20999908447266,6716.08984375,4.202000141143799,239.0
2026-03-18,4889.89990234375,100.08999633789062,96.31999969482422,6624.7001953125,4.258999824523926,1461.0
2026-03-19,4600.7001953125,99.2300033569336,96.13999938964844,6606.490234375,4.281000137329102,627.0
2026-03-20,4570.39990234375,99.6500015258789,98.31999969482422,6506.47998046875,4.390999794006348,235.0
2026-03-23,4404.10009765625,98.94999694824219,88.12999725341797,6581.0,4.334000110626221,544.0
2026-03-24,4399.2998046875,99.43000030517578,92.3499984741211,6556.3701171875,4.392000198364258,378.0
2026-03-25,4549.7998046875,99.5999984741211,90.31999969482422,6591.89990234375,4.328000068664551,388.0
2026-03-26,4375.5,99.9000015258789,94.4800033569336,6477.16015625,4.415999889373779,1070.0
2026-03-27,4492.0,100.1500015258789,99.63999938964844,6368.85009765625,4.440000057220459,74348.0
2026-03-30,4526.0,100.51000213623047,102.87999725341797,6343.72021484375,4.3420000076293945,10816.0
2026-03-31,4647.60009765625,99.95999908447266,101.37999725341797,6528.52001953125,4.310999870300293,4264.0
2026-04-01,4783.2001953125,99.6500015258789,100.12000274658203,6575.31982421875,4.318999767303467,1637.0
2026-04-02,4651.5,100.02999877929688,111.54000091552734,6582.68994140625,4.313000202178955,0.0
2026-04-06,4656.7998046875,99.9800033569336,112.41000366210938,6611.830078125,4.335000038146973,148.0
2026-04-07,4657.10009765625,99.63999938964844,112.94999694824219,6616.85009765625,4.3429999351501465,327.0
2026-04-08,4749.5,99.12999725341797,94.41000366210938,6782.81005859375,4.290999889373779,405.0
2026-04-09,4792.2001953125,98.81999969482422,97.87000274658203,6824.66015625,4.293000221252441,1277.0
2026-04-10,4761.89990234375,98.6500015258789,96.56999969482422,6816.89013671875,4.316999912261963,812.0
2026-04-13,4742.39990234375,98.37000274658203,99.08000183105469,6886.240234375,4.296999931335449,32.0
2026-04-14,4825.0,98.12000274658203,91.27999877929688,6967.3798828125,4.25600004196167,288.0
2026-04-15,4800.0,98.05999755859375,91.29000091552734,7022.9501953125,4.2820000648498535,182.0
2026-04-16,4785.39990234375,98.22000122070312,94.69000244140625,7041.27978515625,4.309000015258789,805.0
2026-04-17,4857.60009765625,98.0999984741211,83.8499984741211,7126.06005859375,4.245999813079834,1902.0
2026-04-20,4806.60009765625,98.05000305175781,89.61000061035156,7109.14013671875,4.25,724.0
2026-04-21,4698.39990234375,98.41000366210938,92.12999725341797,7064.009765625,4.291999816894531,1197.0
2026-04-22,4732.5,98.58999633789062,92.95999908447266,7137.89990234375,4.294000148773193,765.0
2026-04-23,4705.10009765625,98.80000305175781,95.8499984741211,7108.39990234375,4.322999954223633,292.0
2026-04-24,4722.2998046875,98.51000213623047,94.4000015258789,7165.080078125,4.309999942779541,292.0
2026-04-27,4728.10009765625,98.29499816894531,96.58999633789062,7165.080078125,4.309999942779541,29478.0
